name,item_code,item_group,short_name,stock_uom,variant_of,item_name,is_chronic,gst_hsn_code,is_nil_exempt,is_non_gst,requires_sample,is_item_from_hub,product_route,classification,sub_classification,vaccine_type,dosage,sub_preparation_type,additional_label_info,disabled,allow_alternative_item,is_stock_item,include_item_in_manufacturing,is_consignment,is_cssd_package,opening_stock,valuation_rate,standard_rate,is_fixed_asset,auto_create_assets,asset_category,item_barcode,asset_naming_series,over_delivery_receipt_allowance,over_billing_allowance,brand,description,shelf_life_in_days,end_of_life,default_material_request_type,valuation_method,warranty_period,weight_per_unit,weight_uom,has_batch_no,create_new_batch,batch_number_series,has_expiry_date,retain_sample,sample_quantity,has_serial_no,serial_no_series,has_variants,variant_based_on,is_purchase_item,purchase_uom,min_order_qty,safety_stock,lead_time_days,last_purchase_rate,is_customer_provided_item,customer,delivered_by_supplier,country_of_origin,customs_tariff_number,sales_uom,is_sales_item,grant_commission,max_discount,deferred_revenue_account,enable_deferred_revenue,no_of_months,deferred_expense_account,enable_deferred_expense,no_of_months_exp,quality_inspection_template,inspection_required_before_purchase,inspection_required_before_delivery,default_bom,is_sub_contracted_item,default_item_manufacturer,default_manufacturer_part_no,publish_in_hub,hub_category_to_publish,hub_warehouse,synced_with_hub,emergency_medication,published_in_website,display_name,generic_drug,product_type,~,name,alergy,~,name,barcode_type,~,name,warehouse,warehouse_reorder_level,material_request_type,warehouse_group,warehouse_reorder_qty,~,name,uom,conversion_factor,~,name,attribute,variant_of,attribute_value,numeric_values,from_range,increment,to_range,~,name,company,default_warehouse,default_price_list,default_discount_account,buying_cost_center,default_supplier,expense_account,selling_cost_center,income_account,~,name,supplier,supplier_part_no,~,name,ref_code,customer_name,customer_group,~,name,item_tax_template,tax_category,valid_from,minimum_net_rate,maximum_net_rate
"""CYC3""",CYC3,Ear and Eye Drops and Ointment,Ear and Eye Drops and Ointment,Bottle,,CYCLOGYL EYE DROPS,0,,0,0,0,0,Eye Drop,UploadData,,,,Eye Drop,0,0,0,1,1,0,0,0,0,600,0,0,,,,0,0,,CYCLOGYL EYE DROPS,0,31-12-2099,Purchase,,,0,,1,0,,1,0,0,0,,0,Item Attribute,1,,0,0,0,0,0,,0,,,,1,1,0,,0,0,,0,0,,0,0,,0,,,0,,,0,0,0,CYCLOGYL EYE DROPS,GERTIES-GEN GEN0229 - Cyclopentolate,Ear and Eye Drops and Ointment,,,,,,,,,,,,,,,"""cceadf2019""",Bottle,1,,,,,,,,,,,"""f2d2cba944""",Gertrudes Childrens Hospital,Muthaiga Pharmacy - GCH,Standard Selling,Cost of Goods Sold - GCH,Main - GCH,,4002 - Drug Income - GCH,Main - GCH,5002 - COGS Drugs Sales - GCH,,,,,,,,,,,,,,,,
"""HYL3""",HYL3,Ear and Eye Drops and Ointment,Ear and Eye Drops and Ointment,Bottle,,HYLO COMOD EYE DROPS,0,,0,0,0,0,Eye Drop,UploadData,,,,Eye Drop,0,0,0,1,1,0,0,0,0,1600,0,0,,,,0,0,,HYLO COMOD EYE DROPS,0,31-12-2099,Purchase,,,0,,1,0,,1,0,0,0,,0,Item Attribute,1,,0,0,0,0,0,,0,,,,1,1,0,,0,0,,0,0,,0,0,,0,,,0,,,0,0,0,HYLO COMOD EYE DROPS,GERTIES-GEN GEN67732 - SODIUM HYALURONATE,Ear and Eye Drops and Ointment,,,,,,,,,,,,,,,"""f6fab6927c""",Bottle,1,,,,,,,,,,,"""b8ed24d274""",Gertrudes Childrens Hospital,Muthaiga Pharmacy - GCH,Standard Selling,,Main - GCH,,4002 - Drug Income - GCH,Main - GCH,5002 - COGS Drugs Sales - GCH,,,,,,,,,,,,,,,,
"""GAV84106""",GAV84106,Granules & Powder,Granules & Powder,Sachets,,GAVISCON INFANT SACHET,0,,0,0,0,0,Oral,UploadData,,,,Granules & Powder,1,0,0,1,1,0,0,0,0,55,0,0,,,,0,0,,GAVISCON INFANT SACHET,0,31-12-2099,Purchase,,,0,,1,0,,1,0,0,0,,0,Item Attribute,1,,0,0,0,0,0,,0,,,,1,1,0,,0,0,,0,0,,0,0,,0,,,0,,,0,0,0,GAVISCON INFANT SACHET,GERTIES-GEN GEN02028 - GAVISCON,Granules & Powder,,,,,,,,,,,,,,,"""3663ce1175""",Sachets,1,,,,,,,,,,,"""5d4aa3a197""",Gertrudes Childrens Hospital,Muthaiga Pharmacy - GCH,Standard Selling,,Main - GCH,,4002 - Drug Income - GCH,Main - GCH,5002 - COGS Drugs Sales - GCH,,,,,,,,,,,,,,,,
"""GEN10""",GEN10,Ear and Eye Drops and Ointment,Ear and Eye Drops and Ointment,Bottle,,GENTAMICIN EYE DROPS-OUTREACH,0,,0,0,0,0,Eye Drop,UploadData,,,,Eye Drop,0,0,0,1,1,0,0,0,0,30,0,0,,,,0,0,,GENTAMICIN EYE DROPS-OUTREACH,0,31-12-2099,Purchase,,,0,,1,0,,1,0,0,0,,0,Item Attribute,1,,0,0,0,0,0,,0,,,,1,1,0,,0,0,,0,0,,0,0,,0,,,0,,,0,0,0,GENTAMICIN EYE DROPS-OUTREACH,GERTIES-GEN GEN0371 - Gentamicin,Ear and Eye Drops and Ointment,,,,,,,,,,,,,,,"""08395ea49d""",Bottle,1,,,,,,,,,,,"""03f3a21a37""",Gertrudes Childrens Hospital,Muthaiga Pharmacy - GCH,Standard Selling,,Main - GCH,,4002 - Drug Income - GCH,Main - GCH,5002 - COGS Drugs Sales - GCH,,,,,,,,,,,,,,,,
"""GRA2""",GRA2,Granules & Powder,Granules & Powder,Bottle,,GRABACIN POWDER,0,,0,0,0,0,Oral,UploadData,,,,Granules & Powder,1,0,0,1,1,0,0,0,0,120,0,0,,,,0,0,,GRABACIN POWDER,0,31-12-2099,Purchase,,,0,,1,0,,1,0,0,0,,0,Item Attribute,1,,0,0,0,0,0,,0,,,,1,1,0,,0,0,,0,0,,0,0,,0,,,0,,,0,0,0,GRABACIN POWDER,GERTIES-GEN GEN01961 - GRABACIN,Granules & Powder,,,,,,,,,,,,,,,"""e34958856b""",Bottle,1,,,,,,,,,,,"""c9cbaf7743""",Gertrudes Childrens Hospital,Muthaiga Pharmacy - GCH,Standard Selling,,Main - GCH,,4002 - Drug Income - GCH,Main - GCH,5002 - COGS Drugs Sales - GCH,,,,,,,,,,,,,,,,
"""HID77504""",HID77504,Granules & Powder,Granules & Powder,Sachets,,HIDRASEC 10 MG,0,,0,0,0,0,Oral,UploadData,,,,Granules & Powder,0,0,0,1,1,0,0,0,0,110,0,0,,,,0,0,,HIDRASEC 10 MG,0,31-12-2099,Purchase,,,0,,0,0,,1,0,0,0,,0,Item Attribute,1,,0,0,0,0,0,,0,,,,1,1,0,,0,0,,0,0,,0,0,,0,,,0,,,0,0,0,HIDRASEC 10 MG,GERTIES-GEN GEN67457 - Racecadotril,Granules & Powder,,,,,,,,,,,,,,,"""716a36e1f8""",Sachets,1,,,,,,,,,,,"""93d750abec""",Gertrudes Childrens Hospital,Muthaiga Pharmacy - GCH,Standard Selling,,Main - GCH,,4002 - Drug Income - GCH,Main - GCH,5002 - COGS Drugs Sales - GCH,,,,,,,,,,,,,,,,
"""HID76561""",HID76561,Granules & Powder,Granules & Powder,Sachets,,HIDRASEC GRANULES 30MG SATCHETS - PD,0,,0,0,0,0,Oral,UploadData,,,,Granules & Powder,0,0,0,1,1,0,0,0,0,60,0,0,,,,0,0,,HIDRASEC GRANULES 30MG SATCHETS - PD,0,31-12-2099,Purchase,,,0,,0,0,,1,0,0,0,,0,Item Attribute,1,,0,0,0,0,0,,0,,,,1,1,0,,0,0,,0,0,,0,0,,0,,,0,,,0,0,0,HIDRASEC GRANULES 30MG SATCHETS - PD,GERTIES-GEN GEN67457 - Racecadotril,Granules & Powder,,,,,,,,,,,,,,,"""f01d1fee5b""",Sachets,1,,,,,,,,,,,"""bc14fe56d7""",Gertrudes Childrens Hospital,Muthaiga Pharmacy - GCH,Standard Selling,,Main - GCH,,4002 - Drug Income - GCH,Main - GCH,5002 - COGS Drugs Sales - GCH,,,,,,,,,,,,,,,,
"""COW59415""",COW59415,Granules & Powder,Granules & Powder,Tin,,COW AND GATE NUTRIJUNIOR 3 (1 YEAR +) 400G - PD,0,,0,0,0,0,Oral,UploadData,,,,Granules & Powder,0,0,0,1,1,0,0,0,0,1040,0,0,,,,0,0,,COW AND GATE NUTRIJUNIOR 3 (1 YEAR +) 400G - PD,0,31-12-2099,Purchase,,,0,,0,0,,1,0,0,0,,0,Item Attribute,1,,0,0,0,0,0,,0,,,,1,1,0,,0,0,,0,0,,0,0,,0,,,0,,,0,0,0,COW AND GATE NUTRIJUNIOR 3 (1 YEAR +) 400G - PD,GERTIES-GEN GEN11326 - Growing-up formula milk above 1 year,Granules & Powder,,,,,,,,,,,,,,,"""e2d3a06f2e""",Tin,1,,,,,,,,,,,"""454ce4c500""",Gertrudes Childrens Hospital,Muthaiga Pharmacy - GCH,Standard Selling,Cost of Goods Sold - GCH,Main - GCH,,4002 - Drug Income - GCH,Main - GCH,5002 - COGS Drugs Sales - GCH,,,,,,,,,,,,,,,,
"""COW32947""",COW32947,Granules & Powder,Granules & Powder,Tin,,COW AND GATE NUTRI AD 400G - PD,0,,0,0,0,0,Oral,UploadData,,,,Granules & Powder,1,0,0,1,1,0,0,0,0,1290,0,0,,,,0,0,,COW AND GATE NUTRI AD 400G - PD,0,31-12-2099,Purchase,,,0,,0,0,,1,0,0,0,,0,Item Attribute,1,,0,0,0,0,0,,0,,,,1,1,0,,0,0,,0,0,,0,0,,0,,,0,,,0,0,0,COW AND GATE NUTRI AD 400G - PD,"GERTIES-GEN GEN11347 - Lactose Free, Anti-Diarrhoea infant milk Formula(from birth onwards)",Granules & Powder,,,,,,,,,,,,,,,"""08a89c942e""",Tin,1,,,,,,,,,,,"""77daafd758""",Gertrudes Childrens Hospital,Muthaiga Pharmacy - GCH,Standard Selling,Cost of Goods Sold - GCH,Main - GCH,,4002 - Drug Income - GCH,Main - GCH,5002 - COGS Drugs Sales - GCH,,,,,,,,,,,,,,,,
"""COW3""",COW3,Granules & Powder,Granules & Powder,Tin,,COW AND GATE NUTRIPEPTI 400G - PD,0,,0,0,0,0,Oral,UploadData,,,,Granules & Powder,1,0,0,1,1,0,0,0,0,1500,0,0,,,,0,0,,COW AND GATE NUTRIPEPTI 400G - PD,0,31-12-2099,Purchase,,,0,,0,0,,1,0,0,0,,0,Item Attribute,1,,0,0,0,0,0,,0,,,,1,1,0,,0,0,,0,0,,0,0,,0,,,0,,,0,0,0,COW AND GATE NUTRIPEPTI 400G - PD,GERTIES-GEN GEN11349 - Formula milk for milk protein allergy or food malabsorption,Granules & Powder,,,,,,,,,,,,,,,"""7fe7b920f4""",Tin,1,,,,,,,,,,,"""12e873a0c6""",Gertrudes Childrens Hospital,Muthaiga Pharmacy - GCH,Standard Selling,Cost of Goods Sold - GCH,Main - GCH,,4002 - Drug Income - GCH,Main - GCH,5002 - COGS Drugs Sales - GCH,,,,,,,,,,,,,,,,
"""COW2""",COW2,Granules & Powder,Granules & Powder,Tin,,COW AND GATE NUTRISTART 2 400G - PD,0,,0,0,0,0,Oral,UploadData,,,,Granules & Powder,0,0,0,1,1,0,0,0,0,1040,0,0,,,,0,0,,COW AND GATE NUTRISTART 2 400G - PD,0,31-12-2099,Purchase,,,0,,0,0,,1,0,0,0,,0,Item Attribute,1,,0,0,0,0,0,,0,,,,1,1,0,,0,0,,0,0,,0,0,,0,,,0,,,0,0,0,COW AND GATE NUTRISTART 2 400G - PD,GERTIES-GEN GEN11319 - Follow-on formula 2(6 - 12 months),Granules & Powder,,,,,,,,,,,,,,,"""91e277afae""",Tin,1,,,,,,,,,,,"""c97271732a""",Gertrudes Childrens Hospital,Muthaiga Pharmacy - GCH,Standard Selling,Cost of Goods Sold - GCH,Main - GCH,,4002 - Drug Income - GCH,Main - GCH,5002 - COGS Drugs Sales - GCH,,,,,,,,,,,,,,,,
"""COW1""",COW1,Granules & Powder,Granules & Powder,Tin,,COW AND GATE NUTRISTART 1 400G - PD,0,,0,0,0,0,Oral,UploadData,,,,Granules & Powder,0,0,0,1,1,0,0,0,0,1040,0,0,,,,0,0,,COW AND GATE NUTRISTART 1 400G - PD,0,31-12-2099,Purchase,,,0,,0,0,,1,0,0,0,,0,Item Attribute,1,,0,0,0,0,0,,0,,,,1,1,0,,0,0,,0,0,,0,0,,0,,,0,,,0,0,0,COW AND GATE NUTRISTART 1 400G - PD,GERTIES-GEN GEN11348 - Starter infant formula 1 (0 - 6 months),Granules & Powder,,,,,,,,,,,,,,,"""bc555a85f8""",Tin,1,,,,,,,,,,,"""663e01d218""",Gertrudes Childrens Hospital,Muthaiga Pharmacy - GCH,Standard Selling,Cost of Goods Sold - GCH,Main - GCH,,4002 - Drug Income - GCH,Main - GCH,5002 - COGS Drugs Sales - GCH,,,,,,,,,,,,,,,,
"""CIP7""",CIP7,Ear and Eye Drops and Ointment,Ear and Eye Drops and Ointment,Bottle,,CIPROBAY HC OTIC DROPS 10ML,0,,0,0,0,0,Ear Drop,UploadData,,,,Ear Drop,0,0,0,1,1,0,0,0,0,1400,0,0,,,,0,0,,CIPROBAY HC OTIC DROPS 10ML,0,31-12-2099,Purchase,,,0,,0,0,,1,0,0,0,,0,Item Attribute,1,,0,0,0,0,0,,0,,,,1,1,0,,0,0,,0,0,,0,0,,0,,,0,,,0,0,0,CIPROBAY HC OTIC DROPS 10ML,GERTIES-GEN GEN0186 - Ciprofloxacin,Ear and Eye Drops and Ointment,,,,,,,,,,,,,,,"""b6e29c088e""",Bottle,1,,,,,,,,,,,"""bcbdb564d7""",Gertrudes Childrens Hospital,Muthaiga Pharmacy - GCH,Standard Selling,Cost of Goods Sold - GCH,Main - GCH,,4002 - Drug Income - GCH,Main - GCH,5002 - COGS Drugs Sales - GCH,,,,,,,,,,,,,,,,
"""GCH-DRG-4079-b""",GCH-DRG-4079-b,Drug,DRG,Nos,,Demo Pharmacy  Drug,0,,0,0,0,0,Oral,Analgesics,Opioid Analgesics,,,,,0,0,1,1,0,0,0,250,350,0,0,,,,0,0,,Demo Pharmacy  Drug,0,31-12-2099,Purchase,FIFO,,0,,1,0,,0,0,0,0,,0,Item Attribute,1,,0,0,0,315,0,,0,Kenya,,,1,1,0,,0,0,,0,0,,0,0,,0,,,0,,,0,0,0,Demo Pharmacy  Drug,ATC N02BE01 - paracetamol,Syrup,,,,,,,,,,,,,,,"""44a575b099""",Nos,1,,,,,,,,,,,"""0d130c5190""",Gertrudes Childrens Hospital,Muthaiga Pharmacy - GCH,Standard Selling,,Main - GCH,,5002 - COGS Drugs Sales - GCH,Main - GCH,5002 - COGS Drugs Sales - GCH,,,,,,,,,,,,,,,,
"""ACU10""",ACU10,Ear and Eye Drops and Ointment,Ear and Eye Drops and Ointment,Bottle,,ACULAR EYE DROPS -PD,0,,0,0,0,0,Eye Drop,,,,,Eye Drop,0,0,0,1,1,0,0,0,0,1600,0,0,,,,0,0,,ACULAR EYE DROPS -PD,0,31-12-2099,Purchase,,,0,,1,0,,1,0,0,0,,0,Item Attribute,1,,0,0,0,0,0,,0,,,,1,1,0,,0,0,,0,0,,0,0,,0,,,0,,,0,0,0,ACULAR EYE DROPS -PD,GERTIES-GEN GEN0461 - Ketorolac tromethamine,Ear and Eye Drops and Ointment,,,,,,,,,,,,,,,"""8da136c8c7""",Bottle,1,,,,,,,,,,,"""6e5f258ad4""",Gertrudes Childrens Hospital,Muthaiga Pharmacy - GCH,Standard Selling,,Main - GCH,,4002 - Drug Income - GCH,Main - GCH,5002 - COGS Drugs Sales - GCH,,,,,,,,,,,,,,,,
"""ALF1""",ALF1,Granules & Powder,Granules & Powder,Tin,,ALFARE 400G - PD,0,,0,0,0,0,Oral,,,,,Granules & Powder,1,0,0,1,1,0,0,0,0,3675,0,0,,,,0,0,,ALFARE 400G - PD,0,31-12-2099,Purchase,,,0,,1,0,,1,0,0,0,,0,Item Attribute,1,,0,0,0,0,0,,0,,,,1,1,0,,0,0,,0,0,,0,0,,0,,,0,,,0,0,0,ALFARE 400G - PD,GERTIES-GEN GEN11343 - Semi-elemental hypoallergenic infant formula,Granules & Powder,,,,,,,,,,,,,,,"""396a0ca44b""",Tin,1,,,,,,,,,,,"""e59b2d2472""",Gertrudes Childrens Hospital,Muthaiga Pharmacy - GCH,Standard Selling,,Main - GCH,,4002 - Drug Income - GCH,Main - GCH,5002 - COGS Drugs Sales - GCH,,,,,,,,,,,,,,,,
"""ALL2""",ALL2,Ear and Eye Drops and Ointment,Ear and Eye Drops and Ointment,Bottle,,ALLERGO - COMOD EYE DROPS-PD,0,,0,0,0,0,Eye Drop,,,,,Eye Drop,1,0,0,1,1,0,0,0,0,1200,0,0,,,,0,0,,ALLERGO - COMOD EYE DROPS-PD,0,31-12-2099,Purchase,,,0,,1,0,,1,0,0,0,,0,Item Attribute,1,,0,0,0,0,0,,0,,,,1,1,0,,0,0,,0,0,,0,0,,0,,,0,,,0,0,0,ALLERGO - COMOD EYE DROPS-PD,GERTIES-GEN GEN0223 - Cromoglycate,Ear and Eye Drops and Ointment,,,,,,,,,,,,,,,"""6ca8e8eee6""",Bottle,1,,,,,,,,,,,"""ed3874bcbc""",Gertrudes Childrens Hospital,Muthaiga Pharmacy - GCH,Standard Selling,,Main - GCH,,4002 - Drug Income - GCH,Main - GCH,5002 - COGS Drugs Sales - GCH,,,,,,,,,,,,,,,,
"""ALP149720""",ALP149720,Granules & Powder,Granules & Powder,Tin,,ALPRO RICE MILK,0,,0,0,0,0,Oral,,,,,Granules & Powder,MAY CAUSE DROWSINESS.,0,0,1,1,0,0,0,0,650,0,0,,,,0,0,,ALPRO RICE MILK,0,31-12-2099,Purchase,,,0,,1,0,,1,0,0,0,,0,Item Attribute,1,,0,0,0,0,0,,0,,,,1,1,0,,0,0,,0,0,,0,0,,0,,,0,,,0,0,0,ALPRO RICE MILK,GERTIES-GEN GEN0539 - Infant Formula for Minor Digestive Problems (Antiregurgitation),Granules & Powder,,,,,,,,,,,,,,,"""a253af5bd4""",Tin,1,,,,,,,,,,,"""2e80f7db94""",Gertrudes Childrens Hospital,Muthaiga Pharmacy - GCH,Standard Selling,,Main - GCH,,4002 - Drug Income - GCH,Main - GCH,5002 - COGS Drugs Sales - GCH,,,,,,,,,,,,,,,,
"""ALP3""",ALP3,Ear and Eye Drops and Ointment,Ear and Eye Drops and Ointment,Bottle,,ALPHAGAN EYE DROPS - PD,0,,0,0,0,0,Eye Drop,,,,,Eye Drop,MAY CAUSE DROWSINESS.,0,0,1,1,0,0,0,0,2100,0,0,,,,0,0,,ALPHAGAN EYE DROPS - PD,0,31-12-2099,Purchase,,,0,,1,0,,1,0,0,0,,0,Item Attribute,1,,0,0,0,0,0,,0,,,,1,1,0,,0,0,,0,0,,0,0,,0,,,0,,,0,0,0,ALPHAGAN EYE DROPS - PD,GERTIES-GEN GEN0115 - Brimonidine tartarate,Ear and Eye Drops and Ointment,,,,,,,,,,,,,,,"""5c7e58d837""",Bottle,1,,,,,,,,,,,"""c17ce277ac""",Gertrudes Childrens Hospital,Muthaiga Pharmacy - GCH,Standard Selling,,Main - GCH,,4002 - Drug Income - GCH,Main - GCH,5002 - COGS Drugs Sales - GCH,,,,,,,,,,,,,,,,
"""APD439654""",APD439654,Ear and Eye Drops and Ointment,Ear and Eye Drops and Ointment,Bottle,,APDROPS EYE DROPS - PD,0,,0,0,0,0,Eye Drop,,,,,Eye Drop,0,0,0,1,1,0,0,0,0,600,0,0,,,,0,0,,APDROPS EYE DROPS - PD,0,31-12-2099,Purchase,,,0,,1,0,,1,0,0,0,,0,Item Attribute,1,,0,0,0,0,0,,0,,,,1,1,0,,0,0,,0,0,,0,0,,0,,,0,,,0,0,0,APDROPS EYE DROPS - PD,GERTIES-GEN GEN0549 - Moxifloxacin,Ear and Eye Drops and Ointment,,,,,,,,,,,,,,,"""b02402e34d""",Bottle,1,,,,,,,,,,,"""8953ff3ce2""",Gertrudes Childrens Hospital,Muthaiga Pharmacy - GCH,Standard Selling,,Main - GCH,,4002 - Drug Income - GCH,Main - GCH,5002 - COGS Drugs Sales - GCH,,,,,,,,,,,,,,,,
"""APT414072""",APT414072,Granules & Powder,Granules & Powder,Tin,,APTAMIL 1 FIRST 400G,0,,0,0,0,0,Oral,,,,,Granules & Powder,0,0,0,1,1,0,0,0,0,1200,0,0,,,,0,0,,APTAMIL 1 FIRST 400G,0,31-12-2099,Purchase,,,0,,1,0,,1,0,0,0,,0,Item Attribute,1,,0,0,0,0,0,,0,,,,1,1,0,,0,0,,0,0,,0,0,,0,,,0,,,0,0,0,APTAMIL 1 FIRST 400G,GERTIES-GEN GEN11348 - Starter infant formula 1 (0 - 6 months),Granules & Powder,,,,,,,,,,,,,,,"""4b0b49825b""",Tin,1,,,,,,,,,,,"""3191f33b48""",Gertrudes Childrens Hospital,Muthaiga Pharmacy - GCH,Standard Selling,,Main - GCH,,4002 - Drug Income - GCH,Main - GCH,5002 - COGS Drugs Sales - GCH,,,,,,,,,,,,,,,,
"""APT434093""",APT434093,Granules & Powder,Granules & Powder,Tin,,APTAMIL PEPTI-JUNIOR 400G,0,,0,0,0,0,Oral,,,,,Granules & Powder,0,0,0,1,1,0,0,0,0,2050,0,0,,,,0,0,,APTAMIL PEPTI-JUNIOR 400G,0,31-12-2099,Purchase,,,0,,1,0,,1,0,0,0,,0,Item Attribute,1,,0,0,0,0,0,,0,,,,1,1,0,,0,0,,0,0,,0,0,,0,,,0,,,0,0,0,APTAMIL PEPTI-JUNIOR 400G,GERTIES-GEN GEN11349 - Formula milk for milk protein allergy or food malabsorption,Granules & Powder,,,,,,,,,,,,,,,"""077ffc7d69""",Tin,1,,,,,,,,,,,"""a222c1ce67""",Gertrudes Childrens Hospital,Muthaiga Pharmacy - GCH,Standard Selling,,Main - GCH,,4002 - Drug Income - GCH,Main - GCH,5002 - COGS Drugs Sales - GCH,,,,,,,,,,,,,,,,
"""AQU41900""",AQU41900,Granules & Powder,Granules & Powder,Sachets,,AQUAREST 250MG ORAL POWDER SACHETS - PD,0,,0,0,0,0,Oral,,,,,Granules & Powder,0,0,0,1,1,0,0,0,0,80,0,0,,,,0,0,,AQUAREST 250MG ORAL POWDER SACHETS - PD,0,31-12-2099,Purchase,,,0,,1,0,,1,0,0,0,,0,Item Attribute,1,,0,0,0,0,0,,0,,,,1,1,0,,0,0,,0,0,,0,0,,0,,,0,,,0,0,0,AQUAREST 250MG ORAL POWDER SACHETS - PD,GERTIES-GEN GEN0688 - Saccharomyces boulardii,Granules & Powder,,,,,,,,,,,,,,,"""1eff4dc16b""",Sachets,1,,,,,,,,,,,"""2ec06af96a""",Gertrudes Childrens Hospital,Muthaiga Pharmacy - GCH,Standard Selling,,Main - GCH,,4002 - Drug Income - GCH,Main - GCH,5002 - COGS Drugs Sales - GCH,,,,,,,,,,,,,,,,
"""ART10""",ART10,Ear and Eye Drops and Ointment,Ear and Eye Drops and Ointment,Bottle,,ARTIFICIAL TEARS( TEARS NATURALE II)-PD,0,,0,0,0,0,Eye Drop,,,,,Eye Drop,0,0,0,1,1,0,0,0,0,600,0,0,,,,0,0,,ARTIFICIAL TEARS( TEARS NATURALE II)-PD,0,31-12-2099,Purchase,,,0,,1,0,,1,0,0,0,,0,Item Attribute,1,,0,0,0,0,0,,0,,,,1,1,0,,0,0,,0,0,,0,0,,0,,,0,,,0,0,0,ARTIFICIAL TEARS( TEARS NATURALE II)-PD,GERTIES-GEN GEN01986 - ARTIFICIAL,Ear and Eye Drops and Ointment,,,,,,,,,,,,,,,"""4214bfa1fc""",Bottle,1,,,,,,,,,,,"""d2b8083860""",Gertrudes Childrens Hospital,Muthaiga Pharmacy - GCH,Standard Selling,,Main - GCH,,4002 - Drug Income - GCH,Main - GCH,5002 - COGS Drugs Sales - GCH,,,,,,,,,,,,,,,,
"""ATR12""",ATR12,Ear and Eye Drops and Ointment,Ear and Eye Drops and Ointment,Bottle,,ATROPINE 1% EYE  DROPS-PD,0,,0,0,0,0,Eye Drop,,,,,Eye Drop,KEEP INSIDE THE CARTON TO PROTECT FROM LIGHT. USE AS DIRECTED.,0,0,1,1,0,0,0,0,300,0,0,,,,0,0,,ATROPINE 1% EYE  DROPS-PD,0,31-12-2099,Purchase,,,0,,1,0,,1,0,0,0,,0,Item Attribute,1,,0,0,0,0,0,,0,,,,1,1,0,,0,0,,0,0,,0,0,,0,,,0,,,0,0,0,ATROPINE 1% EYE  DROPS-PD,GERTIES-GEN GEN0073 - ATROPINE,Ear and Eye Drops and Ointment,,,,,,,,,,,,,,,"""323cf0d210""",Bottle,1,,,,,,,,,,,"""9c2f07f50a""",Gertrudes Childrens Hospital,Muthaiga Pharmacy - GCH,Standard Selling,,Main - GCH,,4002 - Drug Income - GCH,Main - GCH,5002 - COGS Drugs Sales - GCH,,,,,,,,,,,,,,,,
"""AUR123222""",AUR123222,Ear and Eye Drops and Ointment,Ear and Eye Drops and Ointment,Bottle,,AUROZOLE EYE DROPS 2% 5ML,0,,0,0,0,0,Eye Drop,,,,,Eye Drop,0,0,0,1,1,0,0,0,0,880,0,0,,,,0,0,,AUROZOLE EYE DROPS 2% 5ML,0,31-12-2099,Purchase,,,0,,1,0,,1,0,0,0,,0,Item Attribute,1,,0,0,0,0,0,,0,,,,1,1,0,,0,0,,0,0,,0,0,,0,,,0,,,0,0,0,AUROZOLE EYE DROPS 2% 5ML,GERTIES-GEN GEN113610 - Econazole,Ear and Eye Drops and Ointment,,,,,,,,,,,,,,,"""44bb4ca1a5""",Bottle,1,,,,,,,,,,,"""e115fc41cb""",Gertrudes Childrens Hospital,Muthaiga Pharmacy - GCH,Standard Selling,,Main - GCH,,4002 - Drug Income - GCH,Main - GCH,5002 - COGS Drugs Sales - GCH,,,,,,,,,,,,,,,,
"""AUR62207""",AUR62207,Ear and Eye Drops and Ointment,Ear and Eye Drops and Ointment,Bottle,,AUROVISC PFS 2ML,0,,0,0,0,0,Eye Drop,,,,,Eye Drop,0,0,0,1,1,0,0,0,0,1225,0,0,,,,0,0,,AUROVISC PFS 2ML,0,31-12-2099,Purchase,,,0,,1,0,,1,0,0,0,,0,Item Attribute,1,,0,0,0,0,0,,0,,,,1,1,0,,0,0,,0,0,,0,0,,0,,,0,,,0,0,0,AUROVISC PFS 2ML,GERTIES-GEN GEN96376 - Hypromellose,Ear and Eye Drops and Ointment,,,,,,,,,,,,,,,"""9f39e69304""",Bottle,1,,,,,,,,,,,"""0397cef229""",Gertrudes Childrens Hospital,Muthaiga Pharmacy - GCH,Standard Selling,,Main - GCH,,4002 - Drug Income - GCH,Main - GCH,5002 - COGS Drugs Sales - GCH,,,,,,,,,,,,,,,,
"""AZO1""",AZO1,Ear and Eye Drops and Ointment,Ear and Eye Drops and Ointment,Bottle,,AZOPT EYE DROPS 5ML,0,,0,0,0,0,Eye Drop,,,,,Eye Drop,0,0,0,1,1,0,0,0,0,1300,0,0,,,,0,0,,AZOPT EYE DROPS 5ML,0,31-12-2099,Purchase,,,0,,1,0,,1,0,0,0,,0,Item Attribute,1,,0,0,0,0,0,,0,,,,1,1,0,,0,0,,0,0,,0,0,,0,,,0,,,0,0,0,AZOPT EYE DROPS 5ML,GERTIES-GEN GEN0116 - Brinzolamide,Ear and Eye Drops and Ointment,,,,,,,,,,,,,,,"""bc88c97bc3""",Bottle,1,,,,,,,,,,,"""2b48857849""",Gertrudes Childrens Hospital,Muthaiga Pharmacy - GCH,Standard Selling,Cost of Goods Sold - GCH,Main - GCH,,4002 - Drug Income - GCH,Main - GCH,5002 - COGS Drugs Sales - GCH,,,,,,,,,,,,,,,,
"""BEU424101""",BEU424101,Ear and Eye Drops and Ointment,Ear and Eye Drops and Ointment,Bottle,,BEUFLOX-D DROPS,0,,0,0,0,0,Eye Drop,,,,,Eye Drop,0,0,0,1,1,0,0,0,0,265,0,0,,,,0,0,,BEUFLOX-D DROPS,0,31-12-2099,Purchase,,,0,,1,0,,1,0,0,0,,0,Item Attribute,1,,0,0,0,0,0,,0,,,,1,1,0,,0,0,,0,0,,0,0,,0,,,0,,,0,0,0,BEUFLOX-D DROPS,GERTIES-GEN GEN0187 - Ciprofloxacin/Dexamethasone,Ear and Eye Drops and Ointment,,,,,,,,,,,,,,,"""d5004f225c""",Bottle,1,,,,,,,,,,,"""4b84429838""",Gertrudes Childrens Hospital,Muthaiga Pharmacy - GCH,Standard Selling,Cost of Goods Sold - GCH,Main - GCH,,4002 - Drug Income - GCH,Main - GCH,5002 - COGS Drugs Sales - GCH,,,,,,,,,,,,,,,,
"""BIO74816""",BIO74816,Granules & Powder,Granules & Powder,Sachets,,BIOFLOR SATCHETS - PD,0,,0,0,0,0,Oral,UploadData,,,,Sachets,0,0,0,1,1,0,0,0,0,110,0,0,,,,0,0,,BIOFLOR SATCHETS - PD,0,31-12-2099,Purchase,,,0,,1,0,,1,0,0,0,,0,Item Attribute,1,,0,0,0,0,0,,0,,,,1,1,0,,0,0,,0,0,,0,0,,0,,,0,,,0,0,0,BIOFLOR SATCHETS - PD,GERTIES-GEN GEN0688 - Saccharomyces boulardii,Granules & Powder,,,,,,,,,,,,,,,"""123ac4041b""",Sachets,1,,,,,,,,,,,"""4e11772a29""",Gertrudes Childrens Hospital,Muthaiga Pharmacy - GCH,Standard Selling,Cost of Goods Sold - GCH,Main - GCH,,4002 - Drug Income - GCH,Main - GCH,5002 - COGS Drugs Sales - GCH,,,,,,,,,,,,,,,,
"""BOR1""",BOR1,Ear and Eye Drops and Ointment,Ear and Eye Drops and Ointment,Bottle,,BORIC ACID EAR DROPS-PD,0,,0,0,0,0,Ear Drop,,,,,Ear Drop,0,0,0,1,1,0,0,0,0,80,0,0,,,,0,0,,BORIC ACID EAR DROPS-PD,0,31-12-2099,Purchase,,,0,,1,0,,1,0,0,0,,0,Item Attribute,1,,0,0,0,0,0,,0,,,,1,1,0,,0,0,,0,0,,0,0,,0,,,0,,,0,0,0,BORIC ACID EAR DROPS-PD,GERTIES-GEN GEN0113 - Boric Acid,Ear and Eye Drops and Ointment,,,,,,,,,,,,,,,"""51aa19c758""",Bottle,1,,,,,,,,,,,"""82f146fa26""",Gertrudes Childrens Hospital,Muthaiga Pharmacy - GCH,Standard Selling,Cost of Goods Sold - GCH,Main - GCH,,4002 - Drug Income - GCH,Main - GCH,5002 - COGS Drugs Sales - GCH,,,,,,,,,,,,,,,,
"""CAN4""",CAN4,Granules & Powder,Granules & Powder,Bottle,,CANDID DUSTING POWDER-PD,0,,0,0,0,0,Topical,,,,,Granules & Powder,0,0,0,1,1,0,0,0,0,290,0,0,,,,0,0,,CANDID DUSTING POWDER-PD,0,31-12-2099,Purchase,,,0,,1,0,,1,0,0,0,,0,Item Attribute,1,,0,0,0,0,0,,0,,,,1,1,0,,0,0,,0,0,,0,0,,0,,,0,,,0,0,0,CANDID DUSTING POWDER-PD,GERTIES-GEN GEN0205 - Clotrimazole,Granules & Powder,,,,,,,,,,,,,,,"""240a0846cc""",Bottle,1,,,,,,,,,,,"""25b110c8ad""",Gertrudes Childrens Hospital,Muthaiga Pharmacy - GCH,Standard Selling,Cost of Goods Sold - GCH,Main - GCH,,4002 - Drug Income - GCH,Main - GCH,5002 - COGS Drugs Sales - GCH,,,,,,,,,,,,,,,,
"""CAN5""",CAN5,Ear and Eye Drops and Ointment,Ear and Eye Drops and Ointment,Bottle,,CANDID EAR DROPS-PD,0,,0,0,0,0,Ear Drop,,,,,Ear Drop,0,0,0,1,1,0,0,0,0,190,0,0,,,,0,0,,CANDID EAR DROPS-PD,0,31-12-2099,Purchase,,,0,,1,0,,1,0,0,0,,0,Item Attribute,1,,0,0,0,0,0,,0,,,,1,1,0,,0,0,,0,0,,0,0,,0,,,0,,,0,0,0,CANDID EAR DROPS-PD,GERTIES-GEN GEN0205 - Clotrimazole,Ear and Eye Drops and Ointment,,,,,,,,,,,,,,,"""7a4e1e59a1""",Bottle,1,,,,,,,,,,,"""65e20d375d""",Gertrudes Childrens Hospital,Muthaiga Pharmacy - GCH,Standard Selling,Cost of Goods Sold - GCH,Main - GCH,,4002 - Drug Income - GCH,Main - GCH,5002 - COGS Drugs Sales - GCH,,,,,,,,,,,,,,,,
"""CAR1""",CAR1,Granules & Powder,Granules & Powder,Bottle,,CARBOMIX (ACTIVATED CHARCOAL-PD),0,,0,0,0,0,Oral,,,,,Granules & Powder,1,0,0,1,1,0,0,0,0,4200,0,0,,,,0,0,,CARBOMIX (ACTIVATED CHARCOAL-PD),0,31-12-2099,Purchase,,,0,,1,0,,1,0,0,0,,0,Item Attribute,1,,0,0,0,0,0,,0,,,,1,1,0,,0,0,,0,0,,0,0,,0,,,0,,,0,0,0,CARBOMIX (ACTIVATED CHARCOAL-PD),GERTIES-GEN GEN0010 - Activated Charcoal,Granules & Powder,,,,,,,,,,,,,,,"""ed266a7892""",Bottle,1,,,,,,,,,,,"""da860cbd98""",Gertrudes Childrens Hospital,Muthaiga Pharmacy - GCH,Standard Selling,Cost of Goods Sold - GCH,Main - GCH,,4002 - Drug Income - GCH,Main - GCH,5002 - COGS Drugs Sales - GCH,,,,,,,,,,,,,,,,
"""CEP2""",CEP2,Ear and Eye Drops and Ointment,Ear and Eye Drops and Ointment,Bottle,,CEPROLEN EYE DROPS.-PD,0,,0,0,0,0,Eye Drop,,,,,Eye Drop,0,0,0,1,1,0,0,0,0,260,0,0,,,,0,0,,CEPROLEN EYE DROPS.-PD,0,31-12-2099,Purchase,,,0,,1,0,,1,0,0,0,,0,Item Attribute,1,,0,0,0,0,0,,0,,,,1,1,0,,0,0,,0,0,,0,0,,0,,,0,,,0,0,0,CEPROLEN EYE DROPS.-PD,GERTIES-GEN GEN0186 - Ciprofloxacin,Ear and Eye Drops and Ointment,,,,,,,,,,,,,,,"""32b6561fe8""",Bottle,1,,,,,,,,,,,"""156de21c5b""",Gertrudes Childrens Hospital,Muthaiga Pharmacy - GCH,Standard Selling,Cost of Goods Sold - GCH,Main - GCH,,4002 - Drug Income - GCH,Main - GCH,5002 - COGS Drugs Sales - GCH,,,,,,,,,,,,,,,,
"""CEP5""",CEP5,Ear and Eye Drops and Ointment,Ear and Eye Drops and Ointment,Bottle,,CEPROLEN D DROPS-PD,0,,0,0,0,0,Eye Drop,,,,,Eye Drop,0,0,0,1,1,0,0,0,0,380,0,0,,,,0,0,,CEPROLEN D DROPS-PD,0,31-12-2099,Purchase,,,0,,1,0,,1,0,0,0,,0,Item Attribute,1,,0,0,0,0,0,,0,,,,1,1,0,,0,0,,0,0,,0,0,,0,,,0,,,0,0,0,CEPROLEN D DROPS-PD,GERTIES-GEN GEN0187 - Ciprofloxacin/Dexamethasone,Ear and Eye Drops and Ointment,,,,,,,,,,,,,,,"""1fcb379f61""",Bottle,1,,,,,,,,,,,"""dac9b5a507""",Gertrudes Childrens Hospital,Muthaiga Pharmacy - GCH,Standard Selling,Cost of Goods Sold - GCH,Main - GCH,,4002 - Drug Income - GCH,Main - GCH,5002 - COGS Drugs Sales - GCH,,,,,,,,,,,,,,,,
"""CER3""",CER3,Ear and Eye Drops and Ointment,Ear and Eye Drops and Ointment,Bottle,,CERUMOL EAR DROPS-PD,0,,0,0,0,0,Ear Drop,,,,,Ear Drop,DISCARD A MONTH AFTER OPENING. CONTAINS PEANUT OIL.,0,0,1,1,0,0,0,0,510,0,0,,,,0,0,,CERUMOL EAR DROPS-PD,0,31-12-2099,Purchase,,,0,,1,0,,1,0,0,0,,0,Item Attribute,1,,0,0,0,0,0,,0,,,,1,1,0,,0,0,,0,0,,0,0,,0,,,0,,,0,0,0,CERUMOL EAR DROPS-PD,GERTIES-GEN GEN01943 - CERUMOL,Ear and Eye Drops and Ointment,,,,,,,,,,,,,,,"""850992b34c""",Bottle,1,,,,,,,,,,,"""791706fdbb""",Gertrudes Childrens Hospital,Muthaiga Pharmacy - GCH,Standard Selling,Cost of Goods Sold - GCH,Main - GCH,,4002 - Drug Income - GCH,Main - GCH,5002 - COGS Drugs Sales - GCH,,,,,,,,,,,,,,,,
"""CIL2""",CIL2,Ear and Eye Drops and Ointment,Ear and Eye Drops and Ointment,Bottle,,CILOXAN EYE DROPS-PD,0,,0,0,0,0,Eye Drop,,,,,Eye Drop,0,0,0,1,1,0,0,0,0,700,0,0,,,,0,0,,CILOXAN EYE DROPS-PD,0,31-12-2099,Purchase,,,0,,1,0,,1,0,0,0,,0,Item Attribute,1,,0,0,0,0,0,,0,,,,1,1,0,,0,0,,0,0,,0,0,,0,,,0,,,0,0,0,CILOXAN EYE DROPS-PD,GERTIES-GEN GEN0186 - Ciprofloxacin,Ear and Eye Drops and Ointment,,,,,,,,,,,,,,,"""841bff3d0d""",Bottle,1,,,,,,,,,,,"""f3cc0f8f4e""",Gertrudes Childrens Hospital,Muthaiga Pharmacy - GCH,Standard Selling,Cost of Goods Sold - GCH,Main - GCH,,4002 - Drug Income - GCH,Main - GCH,5002 - COGS Drugs Sales - GCH,,,,,,,,,,,,,,,,
"""CIP36631""",CIP36631,Ear and Eye Drops and Ointment,Ear and Eye Drops and Ointment,Bottle,,CIPROFLOXACIN EYE DROPS 0.3% - OUTREACH,0,,0,0,0,0,Eye Drop,,,,,Eye Drop,0,0,0,1,1,0,0,0,0,70,0,0,,,,0,0,,CIPROFLOXACIN EYE DROPS 0.3% - OUTREACH,0,31-12-2099,Purchase,,,0,,1,0,,1,0,0,0,,0,Item Attribute,1,,0,0,0,0,0,,0,,,,1,1,0,,0,0,,0,0,,0,0,,0,,,0,,,0,0,0,CIPROFLOXACIN EYE DROPS 0.3% - OUTREACH,GERTIES-GEN GEN0186 - Ciprofloxacin,Ear and Eye Drops and Ointment,,,,,,,,,,,,,,,"""5ea33a23c4""",Bottle,1,,,,,,,,,,,"""2990381b87""",Gertrudes Childrens Hospital,Muthaiga Pharmacy - GCH,Standard Selling,Cost of Goods Sold - GCH,Main - GCH,,4002 - Drug Income - GCH,Main - GCH,5002 - COGS Drugs Sales - GCH,,,,,,,,,,,,,,,,
"""CIP41414""",CIP41414,Ear and Eye Drops and Ointment,Ear and Eye Drops and Ointment,Tube,,CIPRO- CENT EYE OINT,0,,0,0,0,0,Eye Ointment,,,,,Eye Ointment,0,0,0,1,1,0,0,0,0,360,0,0,,,,0,0,,CIPRO- CENT EYE OINT,0,31-12-2099,Purchase,,,0,,1,0,,1,0,0,0,,0,Item Attribute,1,,0,0,0,0,0,,0,,,,1,1,0,,0,0,,0,0,,0,0,,0,,,0,,,0,0,0,CIPRO- CENT EYE OINT,GERTIES-GEN GEN0186 - Ciprofloxacin,Ear and Eye Drops and Ointment,,,,,,,,,,,,,,,"""75858c571a""",Tube,1,,,,,,,,,,,"""f194f1b905""",Gertrudes Childrens Hospital,Muthaiga Pharmacy - GCH,Standard Selling,Cost of Goods Sold - GCH,Main - GCH,,4002 - Drug Income - GCH,Main - GCH,5002 - COGS Drugs Sales - GCH,,,,,,,,,,,,,,,,
"""CIP43439""",CIP43439,Ear and Eye Drops and Ointment,Ear and Eye Drops and Ointment,Bottle,,CIPROKEN EYE/EAR DROPS 1% -PD,0,,0,0,0,0,Eye/Ear Drop,,,,,Eye/Ear Drop,0,0,0,1,1,0,0,0,0,150,0,0,,,,0,0,,CIPROKEN EYE/EAR DROPS 1% -PD,0,31-12-2099,Purchase,,,0,,1,0,,1,0,0,0,,0,Item Attribute,1,,0,0,0,0,0,,0,,,,1,1,0,,0,0,,0,0,,0,0,,0,,,0,,,0,0,0,CIPROKEN EYE/EAR DROPS 1% -PD,GERTIES-GEN GEN0186 - Ciprofloxacin,Ear and Eye Drops and Ointment,,,,,,,,,,,,,,,"""44f311feb9""",Bottle,1,,,,,,,,,,,"""218613f955""",Gertrudes Childrens Hospital,Muthaiga Pharmacy - GCH,Standard Selling,Cost of Goods Sold - GCH,Main - GCH,,4002 - Drug Income - GCH,Main - GCH,5002 - COGS Drugs Sales - GCH,,,,,,,,,,,,,,,,
"""DEX12""",DEX12,Ear and Eye Drops and Ointment,Ear and Eye Drops and Ointment,Bottle,,DEXA-G EYE DROPS,0,,0,0,0,0,Eye Drop,,,,,Eye Drop,1,0,0,1,1,0,0,0,0,550,0,0,,,,0,0,,DEXA-G EYE DROPS,0,31-12-2099,Purchase,,,0,,1,0,,1,0,0,0,,0,Item Attribute,1,,0,0,0,0,0,,0,,,,1,1,0,,0,0,,0,0,,0,0,,0,,,0,,,0,0,0,DEXA-G EYE DROPS,GERTIES-GEN GEN0243 - Dexamethasone,Ear and Eye Drops and Ointment,,,,,,,,,,,,,,,"""1d71f64a02""",Bottle,1,,,,,,,,,,,"""91cb3bd6e2""",Gertrudes Childrens Hospital,Muthaiga Pharmacy - GCH,Standard Selling,Cost of Goods Sold - GCH,Main - GCH,,4002 - Drug Income - GCH,Main - GCH,5002 - COGS Drugs Sales - GCH,,,,,,,,,,,,,,,,
"""DUR5""",DUR5,Ear and Eye Drops and Ointment,Ear and Eye Drops and Ointment,Bottle,,DURA TEARS - PD,0,,0,0,0,0,Eye Drop,,,,,Eye Drop,0,0,0,1,1,0,0,0,0,590,0,0,,,,0,0,,DURA TEARS - PD,0,31-12-2099,Purchase,,,0,,1,0,,1,0,0,0,,0,Item Attribute,1,,0,0,0,0,0,,0,,,,1,1,0,,0,0,,0,0,,0,0,,0,,,0,,,0,0,0,DURA TEARS - PD,GERTIES-GEN GEN02058 - DURA TEARS,Ear and Eye Drops and Ointment,,,,,,,,,,,,,,,"""43a326cb5a""",Bottle,1,,,,,,,,,,,"""e624cdaffe""",Gertrudes Childrens Hospital,Muthaiga Pharmacy - GCH,Standard Selling,Cost of Goods Sold - GCH,Main - GCH,,4002 - Drug Income - GCH,Main - GCH,5002 - COGS Drugs Sales - GCH,,,,,,,,,,,,,,,,
"""EMA1""",EMA1,Ear and Eye Drops and Ointment,Ear and Eye Drops and Ointment,Bottle,,EMADINE EYE DROPS 5ML,0,,0,0,0,0,Eye Drop,,,,,Eye Drop,0,0,0,1,1,0,0,0,0,430,0,0,,,,0,0,,EMADINE EYE DROPS 5ML,0,31-12-2099,Purchase,,,0,,1,0,,1,0,0,0,,0,Item Attribute,1,,0,0,0,0,0,,0,,,,1,1,0,,0,0,,0,0,,0,0,,0,,,0,,,0,0,0,EMADINE EYE DROPS 5ML,GERTIES-GEN GEN0294 - Ebastine,Ear and Eye Drops and Ointment,,,,,,,,,,,,,,,"""c0eda3c999""",Bottle,1,,,,,,,,,,,"""c712bb6346""",Gertrudes Childrens Hospital,Muthaiga Pharmacy - GCH,Standard Selling,Cost of Goods Sold - GCH,Main - GCH,,4002 - Drug Income - GCH,Main - GCH,5002 - COGS Drugs Sales - GCH,,,,,,,,,,,,,,,,
"""ENS2""",ENS2,Granules & Powder,Granules & Powder,Tin,,ENSURE NUT. POWDER (VAN)-PD,0,,0,0,0,0,Oral,,,,,Granules & Powder,0,0,0,1,1,0,0,0,0,2285,0,0,,,,0,0,,ENSURE NUT. POWDER (VAN)-PD,0,31-12-2099,Purchase,,,0,,1,0,,1,0,0,0,,0,Item Attribute,1,,0,0,0,0,0,,0,,,,1,1,0,,0,0,,0,0,,0,0,,0,,,0,,,0,0,0,ENSURE NUT. POWDER (VAN)-PD,GERTIES-GEN GEN11320 - ENSURE,Granules & Powder,,,,,,,,,,,,,,,"""0308bffb06""",Tin,1,,,,,,,,,,,"""f59c4b0a56""",Gertrudes Childrens Hospital,Muthaiga Pharmacy - GCH,Standard Selling,,Main - GCH,,4002 - Drug Income - GCH,Main - GCH,5002 - COGS Drugs Sales - GCH,,,,,,,,,,,,,,,,
"""EPI9""",EPI9,Ear and Eye Drops and Ointment,Ear and Eye Drops and Ointment,Bottle,,RELESTAT EYE DROPS(EPINASTINE)-PD,0,,0,0,0,0,Eye Drop,,,,,Eye Drop,0,0,0,1,1,0,0,0,0,1600,0,0,,,,0,0,,RELESTAT EYE DROPS(EPINASTINE)-PD,0,31-12-2099,Purchase,,,0,,1,0,,1,0,0,0,,0,Item Attribute,1,,0,0,0,0,0,,0,,,,1,1,0,,0,0,,0,0,,0,0,,0,,,0,,,0,0,0,RELESTAT EYE DROPS(EPINASTINE)-PD,GERTIES-GEN GEN0304 - Epinastine,Ear and Eye Drops and Ointment,,,,,,,,,,,,,,,"""2d372327fa""",Bottle,1,,,,,,,,,,,"""cf97367de3""",Gertrudes Childrens Hospital,Muthaiga Pharmacy - GCH,Standard Selling,,Main - GCH,,4002 - Drug Income - GCH,Main - GCH,5002 - COGS Drugs Sales - GCH,,,,,,,,,,,,,,,,
"""EPS2""",EPS2,Granules & Powder,Granules & Powder,Gram,,EPSOM SALT POWDER-PD,0,,0,0,0,0,Oral,,,,,Granules & Powder,0,0,0,1,1,0,0,0,0,5,0,0,,,,0,0,,EPSOM SALT POWDER-PD,0,31-12-2099,Purchase,,,0,,1,0,,1,0,0,0,,0,Item Attribute,1,,0,0,0,0,0,,0,,,,1,1,0,,0,0,,0,0,,0,0,,0,,,0,,,0,0,0,EPSOM SALT POWDER-PD,GERTIES-GEN GEN0508 - Magnesium Sulphate,Granules & Powder,,,,,,,,,,,,,,,"""924aec841b""",Gram,1,,,,,,,,,,,"""179f9a68da""",Gertrudes Childrens Hospital,Muthaiga Pharmacy - GCH,Standard Selling,,Main - GCH,,4002 - Drug Income - GCH,Main - GCH,5002 - COGS Drugs Sales - GCH,,,,,,,,,,,,,,,,
"""EVO250910""",EVO250910,Ear and Eye Drops and Ointment,Ear and Eye Drops and Ointment,Bottle,,EVOLVE CARMELLOSE,0,,0,0,0,0,Eye Drop,,,,,Eye Drop,0,0,0,1,1,0,0,0,0,1600,0,0,,,,0,0,,EVOLVE CARMELLOSE,0,31-12-2099,Purchase,,,0,,1,0,,1,0,0,0,,0,Item Attribute,1,,0,0,0,0,0,,0,,,,1,1,0,,0,0,,0,0,,0,0,,0,,,0,,,0,0,0,EVOLVE CARMELLOSE,GERTIES-GEN GEN01986 - ARTIFICIAL,Ear and Eye Drops and Ointment,,,,,,,,,,,,,,,"""cc3fa79621""",Bottle,1,,,,,,,,,,,"""17c8e83756""",Gertrudes Childrens Hospital,Muthaiga Pharmacy - GCH,Standard Selling,,Main - GCH,,4002 - Drug Income - GCH,Main - GCH,5002 - COGS Drugs Sales - GCH,,,,,,,,,,,,,,,,
"""EXO1""",EXO1,Ear and Eye Drops and Ointment,Ear and Eye Drops and Ointment,Bottle,,EXOCIN 0.3% EYE DROPS-PD,0,,0,0,0,0,Eye Drop,,,,,Eye Drop,0,0,0,1,1,0,0,0,0,870,0,0,,,,0,0,,EXOCIN 0.3% EYE DROPS-PD,0,31-12-2099,Purchase,,,0,,1,0,,1,0,0,0,,0,Item Attribute,1,,0,0,0,0,0,,0,,,,1,1,0,,0,0,,0,0,,0,0,,0,,,0,,,0,0,0,EXOCIN 0.3% EYE DROPS-PD,GERTIES-GEN GEN0586 - Ofloxacin,Ear and Eye Drops and Ointment,,,,,,,,,,,,,,,"""4bdbf92536""",Bottle,1,,,,,,,,,,,"""c412d01765""",Gertrudes Childrens Hospital,Muthaiga Pharmacy - GCH,Standard Selling,,Main - GCH,,4002 - Drug Income - GCH,Main - GCH,5002 - COGS Drugs Sales - GCH,,,,,,,,,,,,,,,,
"""FLA13""",FLA13,Ear and Eye Drops and Ointment,Ear and Eye Drops and Ointment,Bottle,,FLAREX DROPS-PD,0,,0,0,0,0,Eye Drop,,,,,Eye Drop,0,0,0,1,1,0,0,0,0,340,0,0,,,,0,0,,FLAREX DROPS-PD,0,31-12-2099,Purchase,,,0,,1,0,,1,0,0,0,,0,Item Attribute,1,,0,0,0,0,0,,0,,,,1,1,0,,0,0,,0,0,,0,0,,0,,,0,,,0,0,0,FLAREX DROPS-PD,GERTIES-GEN GEN0351 - Fluorometholone Acetate,Ear and Eye Drops and Ointment,,,,,,,,,,,,,,,"""4c1d0f33e7""",Bottle,1,,,,,,,,,,,"""71644d813d""",Gertrudes Childrens Hospital,Muthaiga Pharmacy - GCH,Standard Selling,,Main - GCH,,4002 - Drug Income - GCH,Main - GCH,5002 - COGS Drugs Sales - GCH,,,,,,,,,,,,,,,,
"""FLO97053""",FLO97053,Ear and Eye Drops and Ointment,Ear and Eye Drops and Ointment,Bottle,,FLORAL EYE DROPS,0,,0,0,0,0,Eye Drop,,,,,Eye Drop,0,0,0,1,1,0,0,0,0,270,0,0,,,,0,0,,FLORAL EYE DROPS,0,31-12-2099,Purchase,,,0,,1,0,,1,0,0,0,,0,Item Attribute,1,,0,0,0,0,0,,0,,,,1,1,0,,0,0,,0,0,,0,0,,0,,,0,,,0,0,0,FLORAL EYE DROPS,GERTIES-GEN GEN0351 - Fluorometholone Acetate,Ear and Eye Drops and Ointment,,,,,,,,,,,,,,,"""be7261e50b""",Bottle,1,,,,,,,,,,,"""137ea25e5c""",Gertrudes Childrens Hospital,Muthaiga Pharmacy - GCH,Standard Selling,,Main - GCH,,4002 - Drug Income - GCH,Main - GCH,5002 - COGS Drugs Sales - GCH,,,,,,,,,,,,,,,,
"""FML2""",FML2,Ear and Eye Drops and Ointment,Ear and Eye Drops and Ointment,Bottle,,FML NEO EYE DROPS-PD,0,,0,0,0,0,Eye Drop,,,,,Eye Drop,0,0,0,1,1,0,0,0,0,710,0,0,,,,0,0,,FML NEO EYE DROPS-PD,0,31-12-2099,Purchase,,,0,,1,0,,1,0,0,0,,0,Item Attribute,1,,0,0,0,0,0,,0,,,,1,1,0,,0,0,,0,0,,0,0,,0,,,0,,,0,0,0,FML NEO EYE DROPS-PD,GERTIES-GEN GEN0353 - Fluorometholone/Neomycin,Ear and Eye Drops and Ointment,,,,,,,,,,,,,,,"""01af5e0667""",Bottle,1,,,,,,,,,,,"""5a1ef3989d""",Gertrudes Childrens Hospital,Muthaiga Pharmacy - GCH,Standard Selling,,Main - GCH,,4002 - Drug Income - GCH,Main - GCH,5002 - COGS Drugs Sales - GCH,,,,,,,,,,,,,,,,
"""FYB1""",FYB1,Granules & Powder,Granules & Powder,Sachets,,FYBOGEL SATCHETS (ORANGE) 60S-PD,0,,0,0,0,0,Oral,,,,,Granules & Powder,STIR THE SACHET CONTENTS INTO 1/4 GLASS OF COLD WATER (APPROX. 150MLS) AND DRINK STRAIGHT AWAY PREFERABLY AFTER A MEAL.,0,0,1,1,0,0,0,0,40,0,0,,,,0,0,,FYBOGEL SATCHETS (ORANGE) 60S-PD,0,31-12-2099,Purchase,,,0,,1,0,,1,0,0,0,,0,Item Attribute,1,,0,0,0,0,0,,0,,,,1,1,0,,0,0,,0,0,,0,0,,0,,,0,,,0,0,0,FYBOGEL SATCHETS (ORANGE) 60S-PD,GERTIES-GEN GEN0453 - Ispaghula,Granules & Powder,,,,,,,,,,,,,,,"""0f12f042cf""",Sachets,1,,,,,,,,,,,"""0f980faf20""",Gertrudes Childrens Hospital,Muthaiga Pharmacy - GCH,Standard Selling,,Main - GCH,,4002 - Drug Income - GCH,Main - GCH,5002 - COGS Drugs Sales - GCH,,,,,,,,,,,,,,,,
"""IVY1""",IVY1,Ear and Eye Drops and Ointment,Ear and Eye Drops and Ointment,Bottle,,IVYCHROM EYE DROPS -PD,0,,0,0,0,0,Eye Drop,,,,,Eye Drop,0,0,0,1,1,0,0,0,0,300,0,0,,,,0,0,,IVYCHROM EYE DROPS -PD,0,31-12-2099,Purchase,,,0,,1,0,,1,0,0,0,,0,Item Attribute,1,,0,0,0,0,0,,0,,,,1,1,0,,0,0,,0,0,,0,0,,0,,,0,,,0,0,0,IVYCHROM EYE DROPS -PD,GERTIES-GEN GEN0223 - Cromoglycate,Ear and Eye Drops and Ointment,,,,,,,,,,,,,,,"""78d8d85730""",Bottle,1,,,,,,,,,,,"""9b725c6bf3""",Gertrudes Childrens Hospital,Muthaiga Pharmacy - GCH,Standard Selling,,Main - GCH,,4002 - Drug Income - GCH,Main - GCH,5002 - COGS Drugs Sales - GCH,,,,,,,,,,,,,,,,
"""IVY24284""",IVY24284,Ear and Eye Drops and Ointment,Ear and Eye Drops and Ointment,Bottle,,IVYPHENICOL EYE DROPS-PD,0,,0,0,0,0,Eye Drop,,,,,Eye Drop,0,0,0,1,1,0,0,0,0,100,0,0,,,,0,0,,IVYPHENICOL EYE DROPS-PD,0,31-12-2099,Purchase,,,0,,1,0,,1,0,0,0,,0,Item Attribute,1,,0,0,0,0,0,,0,,,,1,1,0,,0,0,,0,0,,0,0,,0,,,0,,,0,0,0,IVYPHENICOL EYE DROPS-PD,GERTIES-GEN GEN0167 - Chloramphenicol,Ear and Eye Drops and Ointment,,,,,,,,,,,,,,,"""564cc4ae5b""",Bottle,1,,,,,,,,,,,"""d41d5c5435""",Gertrudes Childrens Hospital,Muthaiga Pharmacy - GCH,Standard Selling,,Main - GCH,,4002 - Drug Income - GCH,Main - GCH,5002 - COGS Drugs Sales - GCH,,,,,,,,,,,,,,,,
"""IVY3""",IVY3,Ear and Eye Drops and Ointment,Ear and Eye Drops and Ointment,Bottle,,PHARMAGENTACIN  EYE DROPS-DS,0,,0,0,0,0,Eye Drop,,,,,Eye Drop,1,0,0,1,1,0,0,0,0,30,0,0,,,,0,0,,PHARMAGENTACIN  EYE DROPS-DS,0,31-12-2099,Purchase,,,0,,1,0,,1,0,0,0,,0,Item Attribute,1,,0,0,0,0,0,,0,,,,1,1,0,,0,0,,0,0,,0,0,,0,,,0,,,0,0,0,PHARMAGENTACIN  EYE DROPS-DS,GERTIES-GEN GEN0371 - Gentamicin,Ear and Eye Drops and Ointment,,,,,,,,,,,,,,,"""a5a3c4a750""",Bottle,1,,,,,,,,,,,"""7cab2b3686""",Gertrudes Childrens Hospital,Muthaiga Pharmacy - GCH,Standard Selling,,Main - GCH,,4002 - Drug Income - GCH,Main - GCH,5002 - COGS Drugs Sales - GCH,,,,,,,,,,,,,,,,
"""KCH341995""",KCH341995,Granules & Powder,Granules & Powder,Sachets,,KCHEK 15G SATCHET - PD,0,,0,0,0,0,Oral,,,,,Granules & Powder,1,0,0,1,1,0,0,0,0,250,0,0,,,,0,0,,KCHEK 15G SATCHET - PD,0,31-12-2099,Purchase,,,0,,1,0,,1,0,0,0,,0,Item Attribute,1,,0,0,0,0,0,,0,,,,1,1,0,,0,0,,0,0,,0,0,,0,,,0,,,0,0,0,KCHEK 15G SATCHET - PD,GERTIES-GEN GEN331415 - Calcium Polysterene Sulphonate,Granules & Powder,,,,,,,,,,,,,,,"""bb7ca3191a""",Sachets,1,,,,,,,,,,,"""e5fdf896f2""",Gertrudes Childrens Hospital,Muthaiga Pharmacy - GCH,Standard Selling,,Main - GCH,,4002 - Drug Income - GCH,Main - GCH,5002 - COGS Drugs Sales - GCH,,,,,,,,,,,,,,,,
"""LAC1""",LAC1,Granules & Powder,Granules & Powder,Tin,,LACTOGEN MILK-1 400GM-PD,0,,0,0,0,0,Oral,,,,,Granules & Powder,1,0,0,1,1,0,0,0,0,840,0,0,,,,0,0,,LACTOGEN MILK-1 400GM-PD,0,31-12-2099,Purchase,,,0,,1,0,,1,0,0,0,,0,Item Attribute,1,,0,0,0,0,0,,0,,,,1,1,0,,0,0,,0,0,,0,0,,0,,,0,,,0,0,0,LACTOGEN MILK-1 400GM-PD,GERTIES-GEN GEN11332 - Starter infant formula 1 milk with lactose (0 - 6months),Granules & Powder,,,,,,,,,,,,,,,"""7f69cdfd87""",Tin,1,,,,,,,,,,,"""15c234e49c""",Gertrudes Childrens Hospital,Muthaiga Pharmacy - GCH,Standard Selling,,Main - GCH,,4002 - Drug Income - GCH,Main - GCH,5002 - COGS Drugs Sales - GCH,,,,,,,,,,,,,,,,
"""LIP110852""",LIP110852,Granules & Powder,Granules & Powder,Tin,,LIPTOMIL PLUS 1 400G - PD,0,,0,0,0,0,Oral,,,,,Granules & Powder,0,0,0,1,1,0,0,0,0,1370,0,0,,,,0,0,,LIPTOMIL PLUS 1 400G - PD,0,31-12-2099,Purchase,,,0,,1,0,,1,0,0,0,,0,Item Attribute,1,,0,0,0,0,0,,0,,,,1,1,0,,0,0,,0,0,,0,0,,0,,,0,,,0,0,0,LIPTOMIL PLUS 1 400G - PD,GERTIES-GEN GEN11318 - Starter infant formula 1 (0 - 6 months),Granules & Powder,,,,,,,,,,,,,,,"""c3df0de08d""",Tin,1,,,,,,,,,,,"""609b52e029""",Gertrudes Childrens Hospital,Muthaiga Pharmacy - GCH,Standard Selling,,Main - GCH,,4002 - Drug Income - GCH,Main - GCH,5002 - COGS Drugs Sales - GCH,,,,,,,,,,,,,,,,
"""LIP115469""",LIP115469,Granules & Powder,Granules & Powder,Tin,,LIPTOMIL PLUS AR 400G - PD,0,,0,0,0,0,Oral,,,,,Granules & Powder,0,0,0,1,1,0,0,0,0,1550,0,0,,,,0,0,,LIPTOMIL PLUS AR 400G - PD,0,31-12-2099,Purchase,,,0,,1,0,,1,0,0,0,,0,Item Attribute,1,,0,0,0,0,0,,0,,,,1,1,0,,0,0,,0,0,,0,0,,0,,,0,,,0,0,0,LIPTOMIL PLUS AR 400G - PD,GERTIES-GEN GEN0539 - Infant Formula for Minor Digestive Problems (Antiregurgitation),Granules & Powder,,,,,,,,,,,,,,,"""2bed36631b""",Tin,1,,,,,,,,,,,"""93251bfab2""",Gertrudes Childrens Hospital,Muthaiga Pharmacy - GCH,Standard Selling,,Main - GCH,,4002 - Drug Income - GCH,Main - GCH,5002 - COGS Drugs Sales - GCH,,,,,,,,,,,,,,,,
"""LIP184025""",LIP184025,Granules & Powder,Granules & Powder,Tin,,LIPTOGROW PLUS 3 400G-PD,0,,0,0,0,0,Oral,,,,,Granules & Powder,0,0,0,1,1,0,0,0,0,1370,0,0,,,,0,0,,LIPTOGROW PLUS 3 400G-PD,0,31-12-2099,Purchase,,,0,,1,0,,1,0,0,0,,0,Item Attribute,1,,0,0,0,0,0,,0,,,,1,1,0,,0,0,,0,0,,0,0,,0,,,0,,,0,0,0,LIPTOGROW PLUS 3 400G-PD,GERTIES-GEN GEN11326 - Growing-up formula milk above 1 year,Granules & Powder,,,,,,,,,,,,,,,"""a96f26bc3b""",Tin,1,,,,,,,,,,,"""40edd78c29""",Gertrudes Childrens Hospital,Muthaiga Pharmacy - GCH,Standard Selling,,Main - GCH,,4002 - Drug Income - GCH,Main - GCH,5002 - COGS Drugs Sales - GCH,,,,,,,,,,,,,,,,
"""LIP184026""",LIP184026,Granules & Powder,Granules & Powder,Tin,,LIPTOMIL PLUS LF 400G - PD,0,,0,0,0,0,Oral,,,,,Granules & Powder,0,0,0,1,1,0,0,0,0,1525,0,0,,,,0,0,,LIPTOMIL PLUS LF 400G - PD,0,31-12-2099,Purchase,,,0,,1,0,,1,0,0,0,,0,Item Attribute,1,,0,0,0,0,0,,0,,,,1,1,0,,0,0,,0,0,,0,0,,0,,,0,,,0,0,0,LIPTOMIL PLUS LF 400G - PD,"GERTIES-GEN GEN11347 - Lactose Free, Anti-Diarrhoea infant milk Formula(from birth onwards)",Granules & Powder,,,,,,,,,,,,,,,"""22ca055353""",Tin,1,,,,,,,,,,,"""7f5ef5b2e7""",Gertrudes Childrens Hospital,Muthaiga Pharmacy - GCH,Standard Selling,,Main - GCH,,4002 - Drug Income - GCH,Main - GCH,5002 - COGS Drugs Sales - GCH,,,,,,,,,,,,,,,,
"""LIP184027""",LIP184027,Granules & Powder,Granules & Powder,Tin,,LIPTOMIL PLUS HA 400G - PD,0,,0,0,0,0,Oral,,,,,Granules & Powder,0,0,0,1,1,0,0,0,0,1835,0,0,,,,0,0,,LIPTOMIL PLUS HA 400G - PD,0,31-12-2099,Purchase,,,0,,1,0,,1,0,0,0,,0,Item Attribute,1,,0,0,0,0,0,,0,,,,1,1,0,,0,0,,0,0,,0,0,,0,,,0,,,0,0,0,LIPTOMIL PLUS HA 400G - PD,GERTIES-GEN GEN174208 - Hypoallergenic infant milk formula,Granules & Powder,,,,,,,,,,,,,,,"""a43f9793a0""",Tin,1,,,,,,,,,,,"""5b1823418a""",Gertrudes Childrens Hospital,Muthaiga Pharmacy - GCH,Standard Selling,,Main - GCH,,4002 - Drug Income - GCH,Main - GCH,5002 - COGS Drugs Sales - GCH,,,,,,,,,,,,,,,,
"""LUM250577""",LUM250577,Ear and Eye Drops and Ointment,Ear and Eye Drops and Ointment,Bottle,,LUMECARE CARBOMER GEL - PD,0,,0,0,0,0,Eye Drop,,,,,Eye Drop,0,0,0,1,1,0,0,0,0,600,0,0,,,,0,0,,LUMECARE CARBOMER GEL - PD,0,31-12-2099,Purchase,,,0,,1,0,,1,0,0,0,,0,Item Attribute,1,,0,0,0,0,0,,0,,,,1,1,0,,0,0,,0,0,,0,0,,0,,,0,,,0,0,0,LUMECARE CARBOMER GEL - PD,GERTIES-GEN GEN240578 - Carbomer0.2%ww eye gel,Ear and Eye Drops and Ointment,,,,,,,,,,,,,,,"""feaf5cb548""",Bottle,1,,,,,,,,,,,"""61b31dbd93""",Gertrudes Childrens Hospital,Muthaiga Pharmacy - GCH,Standard Selling,,Main - GCH,,4002 - Drug Income - GCH,Main - GCH,5002 - COGS Drugs Sales - GCH,,,,,,,,,,,,,,,,
"""MAX1""",MAX1,Ear and Eye Drops and Ointment,Ear and Eye Drops and Ointment,Bottle,,MAXIDEX EYE DROPS-PD,0,,0,0,0,0,Eye Drop,,,,,Eye Drop,0,0,0,1,1,0,0,0,0,280,0,0,,,,0,0,,MAXIDEX EYE DROPS-PD,0,31-12-2099,Purchase,,,0,,1,0,,1,0,0,0,,0,Item Attribute,1,,0,0,0,0,0,,0,,,,1,1,0,,0,0,,0,0,,0,0,,0,,,0,,,0,0,0,MAXIDEX EYE DROPS-PD,GERTIES-GEN GEN0243 - Dexamethasone,Ear and Eye Drops and Ointment,,,,,,,,,,,,,,,"""bb2983c855""",Bottle,1,,,,,,,,,,,"""e189526ad3""",Gertrudes Childrens Hospital,Muthaiga Pharmacy - GCH,Standard Selling,,Main - GCH,,4002 - Drug Income - GCH,Main - GCH,5002 - COGS Drugs Sales - GCH,,,,,,,,,,,,,,,,
"""MAX2""",MAX2,Ear and Eye Drops and Ointment,Ear and Eye Drops and Ointment,Tube,,MAXIDEX EYE OINT-PD,0,,0,0,0,0,Eye Ointment,,,,,Eye Ointment,0,0,0,1,1,0,0,0,0,470,0,0,,,,0,0,,MAXIDEX EYE OINT-PD,0,31-12-2099,Purchase,,,0,,1,0,,1,0,0,0,,0,Item Attribute,1,,0,0,0,0,0,,0,,,,1,1,0,,0,0,,0,0,,0,0,,0,,,0,,,0,0,0,MAXIDEX EYE OINT-PD,GERTIES-GEN GEN0243 - Dexamethasone,Ear and Eye Drops and Ointment,,,,,,,,,,,,,,,"""33e29d8f40""",Tube,1,,,,,,,,,,,"""212135ba09""",Gertrudes Childrens Hospital,Muthaiga Pharmacy - GCH,Standard Selling,,Main - GCH,,4002 - Drug Income - GCH,Main - GCH,5002 - COGS Drugs Sales - GCH,,,,,,,,,,,,,,,,
"""MAX5""",MAX5,Ear and Eye Drops and Ointment,Ear and Eye Drops and Ointment,Bottle,,MAXITROL EYE DROPS-PD,0,,0,0,0,0,Eye Drop,,,,,Eye Drop,0,0,0,1,1,0,0,0,0,320,0,0,,,,0,0,,MAXITROL EYE DROPS-PD,0,31-12-2099,Purchase,,,0,,1,0,,1,0,0,0,,0,Item Attribute,1,,0,0,0,0,0,,0,,,,1,1,0,,0,0,,0,0,,0,0,,0,,,0,,,0,0,0,MAXITROL EYE DROPS-PD,GERTIES-GEN GEN01973 - MAXITROL,Ear and Eye Drops and Ointment,,,,,,,,,,,,,,,"""8a947e4ae1""",Bottle,1,,,,,,,,,,,"""01edd51afd""",Gertrudes Childrens Hospital,Muthaiga Pharmacy - GCH,Standard Selling,,Main - GCH,,4002 - Drug Income - GCH,Main - GCH,5002 - COGS Drugs Sales - GCH,,,,,,,,,,,,,,,,
"""MAX6""",MAX6,Ear and Eye Drops and Ointment,Ear and Eye Drops and Ointment,Tube,,MAXITROL EYE OINT.-PD,0,,0,0,0,0,Eye Ointment,,,,,Eye Ointment,0,0,0,1,1,0,0,0,0,500,0,0,,,,0,0,,MAXITROL EYE OINT.-PD,0,31-12-2099,Purchase,,,0,,1,0,,1,0,0,0,,0,Item Attribute,1,,0,0,0,0,0,,0,,,,1,1,0,,0,0,,0,0,,0,0,,0,,,0,,,0,0,0,MAXITROL EYE OINT.-PD,GERTIES-GEN GEN01973 - MAXITROL,Ear and Eye Drops and Ointment,,,,,,,,,,,,,,,"""8c867fe990""",Tube,1,,,,,,,,,,,"""5b0c94e3bd""",Gertrudes Childrens Hospital,Muthaiga Pharmacy - GCH,Standard Selling,,Main - GCH,,4002 - Drug Income - GCH,Main - GCH,5002 - COGS Drugs Sales - GCH,,,,,,,,,,,,,,,,
"""MAX72063""",MAX72063,Granules & Powder,Granules & Powder,Tin,,MAXIJUL ENERGY POWDER 200G,0,,0,0,0,0,Oral,,,,,Granules & Powder,0,0,0,1,1,0,0,0,0,1445,0,0,,,,0,0,,MAXIJUL ENERGY POWDER 200G,0,31-12-2099,Purchase,,,0,,1,0,,1,0,0,0,,0,Item Attribute,1,,0,0,0,0,0,,0,,,,1,1,0,,0,0,,0,0,,0,0,,0,,,0,,,0,0,0,MAXIJUL ENERGY POWDER 200G,GERTIES-GEN GEN0539 - Infant Formula for Minor Digestive Problems (Antiregurgitation),Granules & Powder,,,,,,,,,,,,,,,"""666bf30f47""",Tin,1,,,,,,,,,,,"""2b3265961a""",Gertrudes Childrens Hospital,Muthaiga Pharmacy - GCH,Standard Selling,,Main - GCH,,4002 - Drug Income - GCH,Main - GCH,5002 - COGS Drugs Sales - GCH,,,,,,,,,,,,,,,,
"""MON4""",MON4,Granules & Powder,Granules & Powder,Sachets,,MONTIGET GRANULES-PD,0,,0,0,0,0,Oral,,,,,Granules & Powder,1,0,0,1,1,0,0,0,0,70,0,0,,,,0,0,,MONTIGET GRANULES-PD,0,31-12-2099,Purchase,,,0,,1,0,,1,0,0,0,,0,Item Attribute,1,,0,0,0,0,0,,0,,,,1,1,0,,0,0,,0,0,,0,0,,0,,,0,,,0,0,0,MONTIGET GRANULES-PD,GERTIES-GEN GEN0545 - Montelukast,Granules & Powder,,,,,,,,,,,,,,,"""557fc8ab08""",Sachets,1,,,,,,,,,,,"""aeca9e8971""",Gertrudes Childrens Hospital,Muthaiga Pharmacy - GCH,Standard Selling,,Main - GCH,,4002 - Drug Income - GCH,Main - GCH,5002 - COGS Drugs Sales - GCH,,,,,,,,,,,,,,,,
"""MOV1""",MOV1,Granules & Powder,Granules & Powder,Sachets,,MOVICOL 13.8G SATCHETS-DS,0,,0,0,0,0,Oral,,,,,Granules & Powder,1,0,0,1,1,0,0,0,0,90,0,0,,,,0,0,,MOVICOL 13.8G SATCHETS-DS,0,31-12-2099,Purchase,,,0,,1,0,,1,0,0,0,,0,Item Attribute,1,,0,0,0,0,0,,0,,,,1,1,0,,0,0,,0,0,,0,0,,0,,,0,,,0,0,0,MOVICOL 13.8G SATCHETS-DS,GERTIES-GEN GEN02021 - MOVICAL,Granules & Powder,,,,,,,,,,,,,,,"""a876b9ca81""",Sachets,1,,,,,,,,,,,"""ec56fb798e""",Gertrudes Childrens Hospital,Muthaiga Pharmacy - GCH,Standard Selling,,Main - GCH,,4002 - Drug Income - GCH,Main - GCH,5002 - COGS Drugs Sales - GCH,,,,,,,,,,,,,,,,
"""MOV28829""",MOV28829,Granules & Powder,Granules & Powder,Sachets,,MOVICOL PAED SATCHETS -PD,0,,0,0,0,0,Oral,,,,,Granules & Powder,0,0,0,1,1,0,0,0,0,70,0,0,,,,0,0,,MOVICOL PAED SATCHETS -PD,0,31-12-2099,Purchase,,,0,,1,0,,1,0,0,0,,0,Item Attribute,1,,0,0,0,0,0,,0,,,,1,1,0,,0,0,,0,0,,0,0,,0,,,0,,,0,0,0,MOVICOL PAED SATCHETS -PD,GERTIES-GEN GEN02021 - MOVICAL,Granules & Powder,,,,,,,,,,,,,,,"""e331b72bf0""",Sachets,1,,,,,,,,,,,"""0909428e29""",Gertrudes Childrens Hospital,Muthaiga Pharmacy - GCH,Standard Selling,,Main - GCH,,4002 - Drug Income - GCH,Main - GCH,5002 - COGS Drugs Sales - GCH,,,,,,,,,,,,,,,,
"""MYD1""",MYD1,Ear and Eye Drops and Ointment,Ear and Eye Drops and Ointment,Bottle,,MYDRIACYL 1% EYE DROPS-PD,0,,0,0,0,0,Eye Drop,,,,,Eye Drop,0,0,0,1,1,0,0,0,0,510,0,0,,,,0,0,,MYDRIACYL 1% EYE DROPS-PD,0,31-12-2099,Purchase,,,0,,1,0,,1,0,0,0,,0,Item Attribute,1,,0,0,0,0,0,,0,,,,1,1,0,,0,0,,0,0,,0,0,,0,,,0,,,0,0,0,MYDRIACYL 1% EYE DROPS-PD,GERTIES-GEN GEN0791 - Tropicamide,Ear and Eye Drops and Ointment,,,,,,,,,,,,,,,"""c328713d0e""",Bottle,1,,,,,,,,,,,"""4e7a379b17""",Gertrudes Childrens Hospital,Muthaiga Pharmacy - GCH,Standard Selling,,Main - GCH,,4002 - Drug Income - GCH,Main - GCH,5002 - COGS Drugs Sales - GCH,,,,,,,,,,,,,,,,
"""NAN1""",NAN1,Granules & Powder,Granules & Powder,Tin,,NAN 1 MILK 400G -PD,0,,0,0,0,0,Oral,,,,,Granules & Powder,1,0,0,1,1,0,0,0,0,960,0,0,,,,0,0,,NAN 1 MILK 400G -PD,0,31-12-2099,Purchase,,,0,,1,0,,1,0,0,0,,0,Item Attribute,1,,0,0,0,0,0,,0,,,,1,1,0,,0,0,,0,0,,0,0,,0,,,0,,,0,0,0,NAN 1 MILK 400G -PD,GERTIES-GEN GEN11318 - Starter infant formula 1 (0 - 6 months),Granules & Powder,,,,,,,,,,,,,,,"""1b30b30d03""",Tin,1,,,,,,,,,,,"""d3ea5ca05e""",Gertrudes Childrens Hospital,Muthaiga Pharmacy - GCH,Standard Selling,,Main - GCH,,4002 - Drug Income - GCH,Main - GCH,5002 - COGS Drugs Sales - GCH,,,,,,,,,,,,,,,,
"""NAN2""",NAN2,Granules & Powder,Granules & Powder,Tin,,NAN 2 MILK 400G -PD,0,,0,0,0,0,Oral,,,,,Granules & Powder,1,0,0,1,1,0,0,0,0,960,0,0,,,,0,0,,NAN 2 MILK 400G -PD,0,31-12-2099,Purchase,,,0,,1,0,,1,0,0,0,,0,Item Attribute,1,,0,0,0,0,0,,0,,,,1,1,0,,0,0,,0,0,,0,0,,0,,,0,,,0,0,0,NAN 2 MILK 400G -PD,GERTIES-GEN GEN11319 - Follow-on formula 2(6 - 12 months),Granules & Powder,,,,,,,,,,,,,,,"""359b3957bb""",Tin,1,,,,,,,,,,,"""3b472f2290""",Gertrudes Childrens Hospital,Muthaiga Pharmacy - GCH,Standard Selling,,Main - GCH,,4002 - Drug Income - GCH,Main - GCH,5002 - COGS Drugs Sales - GCH,,,,,,,,,,,,,,,,
"""NAN3""",NAN3,Granules & Powder,Granules & Powder,Tin,,NAN H.A 1 400G-PD,0,,0,0,0,0,Oral,,,,,Granules & Powder,1,0,0,1,1,0,0,0,0,2155,0,0,,,,0,0,,NAN H.A 1 400G-PD,0,31-12-2099,Purchase,,,0,,1,0,,1,0,0,0,,0,Item Attribute,1,,0,0,0,0,0,,0,,,,1,1,0,,0,0,,0,0,,0,0,,0,,,0,,,0,0,0,NAN H.A 1 400G-PD,GERTIES-GEN GEN11324 - Hypoallergenic infant milk formula (0 - 6months),Granules & Powder,,,,,,,,,,,,,,,"""1cbc3bac16""",Tin,1,,,,,,,,,,,"""c61181b6b0""",Gertrudes Childrens Hospital,Muthaiga Pharmacy - GCH,Standard Selling,,Main - GCH,,4002 - Drug Income - GCH,Main - GCH,5002 - COGS Drugs Sales - GCH,,,,,,,,,,,,,,,,
"""NAN4""",NAN4,Granules & Powder,Granules & Powder,Tin,,NAN HA 2 400G-PD,0,,0,0,0,0,Oral,,,,,Granules & Powder,1,0,0,1,1,0,0,0,0,2155,0,0,,,,0,0,,NAN HA 2 400G-PD,0,31-12-2099,Purchase,,,0,,1,0,,1,0,0,0,,0,Item Attribute,1,,0,0,0,0,0,,0,,,,1,1,0,,0,0,,0,0,,0,0,,0,,,0,,,0,0,0,NAN HA 2 400G-PD,GERTIES-GEN GEN11325 - Hypoallergenic infant milk formula (6 - 12months),Granules & Powder,,,,,,,,,,,,,,,"""a57faba05a""",Tin,1,,,,,,,,,,,"""15b332f59f""",Gertrudes Childrens Hospital,Muthaiga Pharmacy - GCH,Standard Selling,,Main - GCH,,4002 - Drug Income - GCH,Main - GCH,5002 - COGS Drugs Sales - GCH,,,,,,,,,,,,,,,,
"""NAN9""",NAN9,Granules & Powder,Granules & Powder,Tin,,NAN 3 400 GRAMS -DS,0,,0,0,0,0,Oral,,,,,Granules & Powder,1,0,0,1,1,0,0,0,0,960,0,0,,,,0,0,,NAN 3 400 GRAMS -DS,0,31-12-2099,Purchase,,,0,,1,0,,1,0,0,0,,0,Item Attribute,1,,0,0,0,0,0,,0,,,,1,1,0,,0,0,,0,0,,0,0,,0,,,0,,,0,0,0,NAN 3 400 GRAMS -DS,GERTIES-GEN GEN11326 - Growing-up formula milk above 1 year,Granules & Powder,,,,,,,,,,,,,,,"""5cb4cf5db3""",Tin,1,,,,,,,,,,,"""20918a0c2b""",Gertrudes Childrens Hospital,Muthaiga Pharmacy - GCH,Standard Selling,,Main - GCH,,4002 - Drug Income - GCH,Main - GCH,5002 - COGS Drugs Sales - GCH,,,,,,,,,,,,,,,,
"""NEO79476""",NEO79476,Granules & Powder,Granules & Powder,Tin,,NEOCATE LCP INFANT FORMULA 400GM - PD,0,,0,0,0,0,Oral,,,,,Granules & Powder,0,0,0,1,1,0,0,0,0,9450,0,0,,,,0,0,,NEOCATE LCP INFANT FORMULA 400GM - PD,0,31-12-2099,Purchase,,,0,,1,0,,1,0,0,0,,0,Item Attribute,1,,0,0,0,0,0,,0,,,,1,1,0,,0,0,,0,0,,0,0,,0,,,0,,,0,0,0,NEOCATE LCP INFANT FORMULA 400GM - PD,"GERTIES-GEN GEN166792 - Amino acid-based, hypoallergenic milk",Granules & Powder,,,,,,,,,,,,,,,"""cb7e867640""",Tin,1,,,,,,,,,,,"""5594d87e63""",Gertrudes Childrens Hospital,Muthaiga Pharmacy - GCH,Standard Selling,,Main - GCH,,4002 - Drug Income - GCH,Main - GCH,5002 - COGS Drugs Sales - GCH,,,,,,,,,,,,,,,,
"""NEV316882""",NEV316882,Ear and Eye Drops and Ointment,Ear and Eye Drops and Ointment,Bottle,,NEVANAC 0.1% EYE DROPS-PD,0,,0,0,0,0,Eye Drop,,,,,Eye Drop,0,0,0,1,1,0,0,0,0,2650,0,0,,,,0,0,,NEVANAC 0.1% EYE DROPS-PD,0,31-12-2099,Purchase,,,0,,1,0,,1,0,0,0,,0,Item Attribute,1,,0,0,0,0,0,,0,,,,1,1,0,,0,0,,0,0,,0,0,,0,,,0,,,0,0,0,NEVANAC 0.1% EYE DROPS-PD,GERTIES-GEN GEN306533 - Nepafenac,Ear and Eye Drops and Ointment,,,,,,,,,,,,,,,"""cd4c2206e2""",Bottle,1,,,,,,,,,,,"""a484d4143c""",Gertrudes Childrens Hospital,Muthaiga Pharmacy - GCH,Standard Selling,,Main - GCH,,4002 - Drug Income - GCH,Main - GCH,5002 - COGS Drugs Sales - GCH,,,,,,,,,,,,,,,,
"""NEX23260""",NEX23260,Granules & Powder,Granules & Powder,Sachets,,NEXIUM SACHETS 10MG -PD,0,,0,0,0,0,Oral,,,,,Granules & Powder,0,0,0,1,1,0,0,0,0,160,0,0,,,,0,0,,NEXIUM SACHETS 10MG -PD,0,31-12-2099,Purchase,,,0,,1,0,,1,0,0,0,,0,Item Attribute,1,,0,0,0,0,0,,0,,,,1,1,0,,0,0,,0,0,,0,0,,0,,,0,,,0,0,0,NEXIUM SACHETS 10MG -PD,GERTIES-GEN GEN0310 - Esomeprazole,Granules & Powder,,,,,,,,,,,,,,,"""b7182f4ba5""",Sachets,1,,,,,,,,,,,"""faea54493b""",Gertrudes Childrens Hospital,Muthaiga Pharmacy - GCH,Standard Selling,,Main - GCH,,4002 - Drug Income - GCH,Main - GCH,5002 - COGS Drugs Sales - GCH,,,,,,,,,,,,,,,,
"""NUT5""",NUT5,Granules & Powder,Granules & Powder,Tin,,COW AND GATE NUTRIPREM-PD,0,,0,0,0,0,Oral,,,,,Granules & Powder,0,0,0,1,1,0,0,0,0,1200,0,0,,,,0,0,,COW AND GATE NUTRIPREM-PD,0,31-12-2099,Purchase,,,0,,1,0,,1,0,0,0,,0,Item Attribute,1,,0,0,0,0,0,,0,,,,1,1,0,,0,0,,0,0,,0,0,,0,,,0,,,0,0,0,COW AND GATE NUTRIPREM-PD,GERTIES-GEN GEN166746 - Infant Milk Formula For Preterm+Low-Birth Weight Infants,Granules & Powder,,,,,,,,,,,,,,,"""c71ff247f8""",Tin,1,,,,,,,,,,,"""0bbb121f76""",Gertrudes Childrens Hospital,Muthaiga Pharmacy - GCH,Standard Selling,,Main - GCH,,4002 - Drug Income - GCH,Main - GCH,5002 - COGS Drugs Sales - GCH,,,,,,,,,,,,,,,,
"""OCU54606""",OCU54606,Ear and Eye Drops and Ointment,Ear and Eye Drops and Ointment,Bottle,,OCULAST EYE DROP,0,,0,0,0,0,Eye Drop,,,,,Eye Drop,0,0,0,1,1,0,0,0,0,400,0,0,,,,0,0,,OCULAST EYE DROP,0,31-12-2099,Purchase,,,0,,1,0,,1,0,0,0,,0,Item Attribute,1,,0,0,0,0,0,,0,,,,1,1,0,,0,0,,0,0,,0,0,,0,,,0,,,0,0,0,OCULAST EYE DROP,GERTIES-GEN GEN0075 - Azelastine/Fluticasone,Ear and Eye Drops and Ointment,,,,,,,,,,,,,,,"""2e5957bcaa""",Bottle,1,,,,,,,,,,,"""3b8f5c9d73""",Gertrudes Childrens Hospital,Muthaiga Pharmacy - GCH,Standard Selling,,Main - GCH,,4002 - Drug Income - GCH,Main - GCH,5002 - COGS Drugs Sales - GCH,,,,,,,,,,,,,,,,
"""OLI324840""",OLI324840,Granules & Powder,Granules & Powder,Sachets,,OLIMAG SACHETS STICKS-PD,0,,0,0,0,0,Oral,,,,,Granules & Powder,0,0,0,1,1,0,0,0,0,70,0,0,,,,0,0,,OLIMAG SACHETS STICKS-PD,0,31-12-2099,Purchase,,,0,,1,0,,1,0,0,0,,0,Item Attribute,1,,0,0,0,0,0,,0,,,,1,1,0,,0,0,,0,0,,0,0,,0,,,0,,,0,0,0,OLIMAG SACHETS STICKS-PD,GERTIES-GEN GEN314373 - Magnesium/Vitamin B6,Granules & Powder,,,,,,,,,,,,,,,"""44c68d96c6""",Sachets,1,,,,,,,,,,,"""f7d1213cd3""",Gertrudes Childrens Hospital,Muthaiga Pharmacy - GCH,Standard Selling,,Main - GCH,,4002 - Drug Income - GCH,Main - GCH,5002 - COGS Drugs Sales - GCH,,,,,,,,,,,,,,,,
"""OPT208323""",OPT208323,Ear and Eye Drops and Ointment,Ear and Eye Drops and Ointment,Bottle,,OPTIVE PLUS EYE DROPS 10ML-PD,0,,0,0,0,0,Eye Drop,,,,,Eye Drop,1,0,0,1,1,0,0,0,0,1400,0,0,,,,0,0,,OPTIVE PLUS EYE DROPS 10ML-PD,0,31-12-2099,Purchase,,,0,,1,0,,1,0,0,0,,0,Item Attribute,1,,0,0,0,0,0,,0,,,,1,1,0,,0,0,,0,0,,0,0,,0,,,0,,,0,0,0,OPTIVE PLUS EYE DROPS 10ML-PD,GERTIES-GEN GEN0064 - Artificial tears,Ear and Eye Drops and Ointment,,,,,,,,,,,,,,,"""dd5c18684f""",Bottle,1,,,,,,,,,,,"""5075132eea""",Gertrudes Childrens Hospital,Muthaiga Pharmacy - GCH,Standard Selling,,Main - GCH,,4002 - Drug Income - GCH,Main - GCH,5002 - COGS Drugs Sales - GCH,,,,,,,,,,,,,,,,
"""OPT3""",OPT3,Ear and Eye Drops and Ointment,Ear and Eye Drops and Ointment,Bottle,,OPTIVE EYE DROPS-PD,0,,0,0,0,0,Eye Drop,,,,,Eye Drop,0,0,0,1,1,0,0,0,0,1300,0,0,,,,0,0,,OPTIVE EYE DROPS-PD,0,31-12-2099,Purchase,,,0,,1,0,,1,0,0,0,,0,Item Attribute,1,,0,0,0,0,0,,0,,,,1,1,0,,0,0,,0,0,,0,0,,0,,,0,,,0,0,0,OPTIVE EYE DROPS-PD,GERTIES-GEN GEN0064 - Artificial tears,Ear and Eye Drops and Ointment,,,,,,,,,,,,,,,"""4f86e4bc48""",Bottle,1,,,,,,,,,,,"""ebf0a9fd6a""",Gertrudes Childrens Hospital,Muthaiga Pharmacy - GCH,Standard Selling,,Main - GCH,,4002 - Drug Income - GCH,Main - GCH,5002 - COGS Drugs Sales - GCH,,,,,,,,,,,,,,,,
"""OPT315421""",OPT315421,Ear and Eye Drops and Ointment,Ear and Eye Drops and Ointment,Bottle,,OPTIVE GEL  DROPS 10ML-PD,0,,0,0,0,0,Eye Drop,,,,,Eye Drop,0,0,0,1,1,0,0,0,0,1525,0,0,,,,0,0,,OPTIVE GEL  DROPS 10ML-PD,0,31-12-2099,Purchase,,,0,,1,0,,1,0,0,0,,0,Item Attribute,1,,0,0,0,0,0,,0,,,,1,1,0,,0,0,,0,0,,0,0,,0,,,0,,,0,0,0,OPTIVE GEL  DROPS 10ML-PD,GERTIES-GEN GEN305085 - Carmellose sodium/Glycerin,Ear and Eye Drops and Ointment,,,,,,,,,,,,,,,"""8a88d4d353""",Bottle,1,,,,,,,,,,,"""be5c9ebebe""",Gertrudes Childrens Hospital,Muthaiga Pharmacy - GCH,Standard Selling,,Main - GCH,,4002 - Drug Income - GCH,Main - GCH,5002 - COGS Drugs Sales - GCH,,,,,,,,,,,,,,,,
"""OPT315422""",OPT315422,Ear and Eye Drops and Ointment,Ear and Eye Drops and Ointment,Bottle,,OPTIVE FUSION 10ML-PD,0,,0,0,0,0,Eye Drop,,,,,Eye Drop,0,0,0,1,1,0,0,0,0,1525,0,0,,,,0,0,,OPTIVE FUSION 10ML-PD,0,31-12-2099,Purchase,,,0,,1,0,,1,0,0,0,,0,Item Attribute,1,,0,0,0,0,0,,0,,,,1,1,0,,0,0,,0,0,,0,0,,0,,,0,,,0,0,0,OPTIVE FUSION 10ML-PD,GERTIES-GEN GEN305085 - Carmellose sodium/Glycerin,Ear and Eye Drops and Ointment,,,,,,,,,,,,,,,"""2b3367adda""",Bottle,1,,,,,,,,,,,"""52e1a33325""",Gertrudes Childrens Hospital,Muthaiga Pharmacy - GCH,Standard Selling,,Main - GCH,,4002 - Drug Income - GCH,Main - GCH,5002 - COGS Drugs Sales - GCH,,,,,,,,,,,,,,,,
"""ORS3""",ORS3,Granules & Powder,Granules & Powder,Sachets,,ORAL REHYDRATION SALTS - OUTREACH,0,,0,0,0,0,Oral,,,,,Granules & Powder,1,0,0,1,1,0,0,0,0,10,0,0,,,,0,0,,ORAL REHYDRATION SALTS - OUTREACH,0,31-12-2099,Purchase,,,0,,1,0,,1,0,0,0,,0,Item Attribute,1,,0,0,0,0,0,,0,,,,1,1,0,,0,0,,0,0,,0,0,,0,,,0,,,0,0,0,ORAL REHYDRATION SALTS - OUTREACH,GERTIES-GEN GEN0593 - ORS,Granules & Powder,,,,,,,,,,,,,,,"""bfb39e12d2""",Sachets,1,,,,,,,,,,,"""2b54119097""",Gertrudes Childrens Hospital,Muthaiga Pharmacy - GCH,Standard Selling,,Main - GCH,,4002 - Drug Income - GCH,Main - GCH,5002 - COGS Drugs Sales - GCH,,,,,,,,,,,,,,,,
"""OTO1""",OTO1,Ear and Eye Drops and Ointment,Ear and Eye Drops and Ointment,Bottle,,OTOREX EAR DROPS-PD,0,,0,0,0,0,Ear Drop,,,,,Ear Drop,0,0,0,1,1,0,0,0,0,270,0,0,,,,0,0,,OTOREX EAR DROPS-PD,0,31-12-2099,Purchase,,,0,,1,0,,1,0,0,0,,0,Item Attribute,1,,0,0,0,0,0,,0,,,,1,1,0,,0,0,,0,0,,0,0,,0,,,0,,,0,0,0,OTOREX EAR DROPS-PD,GERTIES-GEN GEN01949 - OTOREX,Ear and Eye Drops and Ointment,,,,,,,,,,,,,,,"""dff9c50256""",Bottle,1,,,,,,,,,,,"""6c15e1253c""",Gertrudes Childrens Hospital,Muthaiga Pharmacy - GCH,Standard Selling,,Main - GCH,,4002 - Drug Income - GCH,Main - GCH,5002 - COGS Drugs Sales - GCH,,,,,,,,,,,,,,,,
"""OTO396336""",OTO396336,Ear and Eye Drops and Ointment,Ear and Eye Drops and Ointment,Bottle,,OTOBIOTIC EAR DROPS,0,,0,0,0,0,Ear Drop,,,,,Ear Drop,0,0,0,1,1,0,0,0,0,320,0,0,,,,0,0,,OTOBIOTIC EAR DROPS,0,31-12-2099,Purchase,,,0,,1,0,,1,0,0,0,,0,Item Attribute,1,,0,0,0,0,0,,0,,,,1,1,0,,0,0,,0,0,,0,0,,0,,,0,,,0,0,0,OTOBIOTIC EAR DROPS,"GERTIES-GEN GEN385519 - Neomycin, Beclomethasone, Clotrimazole, Lignocaine)",Ear and Eye Drops and Ointment,,,,,,,,,,,,,,,"""a2de28de71""",Bottle,1,,,,,,,,,,,"""33608b838e""",Gertrudes Childrens Hospital,Muthaiga Pharmacy - GCH,Standard Selling,,Main - GCH,,4002 - Drug Income - GCH,Main - GCH,5002 - COGS Drugs Sales - GCH,,,,,,,,,,,,,,,,
"""PAT1""",PAT1,Ear and Eye Drops and Ointment,Ear and Eye Drops and Ointment,Bottle,,PATANOL EYE DROPS 5ML-PD,0,,0,0,0,0,Eye Drop,,,,,Eye Drop,0,0,0,1,1,0,0,0,0,750,0,0,,,,0,0,,PATANOL EYE DROPS 5ML-PD,0,31-12-2099,Purchase,,,0,,1,0,,1,0,0,0,,0,Item Attribute,1,,0,0,0,0,0,,0,,,,1,1,0,,0,0,,0,0,,0,0,,0,,,0,,,0,0,0,PATANOL EYE DROPS 5ML-PD,GERTIES-GEN GEN0589 - Olopatadine,Ear and Eye Drops and Ointment,,,,,,,,,,,,,,,"""53b1470fa6""",Bottle,1,,,,,,,,,,,"""a7325bacff""",Gertrudes Childrens Hospital,Muthaiga Pharmacy - GCH,Standard Selling,,Main - GCH,,4002 - Drug Income - GCH,Main - GCH,5002 - COGS Drugs Sales - GCH,,,,,,,,,,,,,,,,
"""PEC199224""",PEC199224,Granules & Powder,Granules & Powder,Sachets,,PECOL POWDER SATCHETS 137.15G,0,,0,0,0,0,Oral,,,,,Granules & Powder,0,0,0,1,1,0,0,0,0,1200,0,0,,,,0,0,,PECOL POWDER SATCHETS 137.15G,0,31-12-2099,Purchase,,,0,,1,0,,1,0,0,0,,0,Item Attribute,1,,0,0,0,0,0,,0,,,,1,1,0,,0,0,,0,0,,0,0,,0,,,0,,,0,0,0,PECOL POWDER SATCHETS 137.15G,GERTIES-GEN GEN189371 - Polyethylene Glycol with Electrolytes,Granules & Powder,,,,,,,,,,,,,,,"""75f6ce294a""",Sachets,1,,,,,,,,,,,"""d80b36912a""",Gertrudes Childrens Hospital,Muthaiga Pharmacy - GCH,Standard Selling,,Main - GCH,,4002 - Drug Income - GCH,Main - GCH,5002 - COGS Drugs Sales - GCH,,,,,,,,,,,,,,,,
"""PED1""",PED1,Granules & Powder,Granules & Powder,Tin,,PEDIASURE MILK 400G -PD,0,,0,0,0,0,Oral,,,,,Granules & Powder,0,0,0,1,1,0,0,0,0,2100,0,0,,,,0,0,,PEDIASURE MILK 400G -PD,0,31-12-2099,Purchase,,,0,,1,0,,1,0,0,0,,0,Item Attribute,1,,0,0,0,0,0,,0,,,,1,1,0,,0,0,,0,0,,0,0,,0,,,0,,,0,0,0,PEDIASURE MILK 400G -PD,GERTIES-GEN GEN11312 - PEDISURE,Granules & Powder,,,,,,,,,,,,,,,"""1cad987b7a""",Tin,1,,,,,,,,,,,"""15515379d6""",Gertrudes Childrens Hospital,Muthaiga Pharmacy - GCH,Standard Selling,,Main - GCH,,4002 - Drug Income - GCH,Main - GCH,5002 - COGS Drugs Sales - GCH,,,,,,,,,,,,,,,,
"""PED2""",PED2,Granules & Powder,Granules & Powder,Sachets,,PEDITRAL SATCHETS-PD,0,,0,0,0,0,Oral,,,,,Granules & Powder,0,0,0,1,1,0,0,0,0,90,0,0,,,,0,0,,PEDITRAL SATCHETS-PD,0,31-12-2099,Purchase,,,0,,1,0,,1,0,0,0,,0,Item Attribute,1,,0,0,0,0,0,,0,,,,1,1,0,,0,0,,0,0,,0,0,,0,,,0,,,0,0,0,PEDITRAL SATCHETS-PD,GERTIES-GEN GEN0593 - ORS,Granules & Powder,,,,,,,,,,,,,,,"""beee892ca6""",Sachets,1,,,,,,,,,,,"""a922b96813""",Gertrudes Childrens Hospital,Muthaiga Pharmacy - GCH,Standard Selling,,Main - GCH,,4002 - Drug Income - GCH,Main - GCH,5002 - COGS Drugs Sales - GCH,,,,,,,,,,,,,,,,
"""PED331730""",PED331730,Granules & Powder,Granules & Powder,Tin,,PEDIA GOLD 400G (CHOCOLATE),0,,0,0,0,0,Oral,,,,,Granules & Powder,0,0,0,1,1,0,0,0,0,2500,0,0,,,,0,0,,PEDIA GOLD 400G (CHOCOLATE),0,31-12-2099,Purchase,,,0,,1,0,,1,0,0,0,,0,Item Attribute,1,,0,0,0,0,0,,0,,,,1,1,0,,0,0,,0,0,,0,0,,0,,,0,,,0,0,0,PEDIA GOLD 400G (CHOCOLATE),GERTIES-GEN GEN321205 - Pedia Gold,Granules & Powder,,,,,,,,,,,,,,,"""117c6c1b81""",Tin,1,,,,,,,,,,,"""0466849aab""",Gertrudes Childrens Hospital,Muthaiga Pharmacy - GCH,Standard Selling,,Main - GCH,,4002 - Drug Income - GCH,Main - GCH,5002 - COGS Drugs Sales - GCH,,,,,,,,,,,,,,,,
"""PED332778""",PED332778,Granules & Powder,Granules & Powder,Tin,,PEDIA GOLD PLUS 400G(VANILLA),0,,0,0,0,0,Oral,,,,,Granules & Powder,0,0,0,1,1,0,0,0,0,2600,0,0,,,,0,0,,PEDIA GOLD PLUS 400G(VANILLA),0,31-12-2099,Purchase,,,0,,1,0,,1,0,0,0,,0,Item Attribute,1,,0,0,0,0,0,,0,,,,1,1,0,,0,0,,0,0,,0,0,,0,,,0,,,0,0,0,PEDIA GOLD PLUS 400G(VANILLA),GERTIES-GEN GEN322253 - Pedia Gold Plus,Granules & Powder,,,,,,,,,,,,,,,"""bfcde25aa5""",Tin,1,,,,,,,,,,,"""874779e868""",Gertrudes Childrens Hospital,Muthaiga Pharmacy - GCH,Standard Selling,,Main - GCH,,4002 - Drug Income - GCH,Main - GCH,5002 - COGS Drugs Sales - GCH,,,,,,,,,,,,,,,,
"""PEG1""",PEG1,Granules & Powder,Granules & Powder,Sachets,,PEGLEC POWDER SACHETS 137.15G,0,,0,0,0,0,Oral,,,,,Granules & Powder,0,0,0,1,1,0,0,0,0,1500,0,0,,,,0,0,,PEGLEC POWDER SACHETS 137.15G,0,31-12-2099,Purchase,,,0,,1,0,,1,0,0,0,,0,Item Attribute,1,,0,0,0,0,0,,0,,,,1,1,0,,0,0,,0,0,,0,0,,0,,,0,,,0,0,0,PEGLEC POWDER SACHETS 137.15G,GERTIES-GEN GEN189371 - Polyethylene Glycol with Electrolytes,Granules & Powder,,,,,,,,,,,,,,,"""ab21df7ecd""",Sachets,1,,,,,,,,,,,"""60e0ea0219""",Gertrudes Childrens Hospital,Muthaiga Pharmacy - GCH,Standard Selling,,Main - GCH,,4002 - Drug Income - GCH,Main - GCH,5002 - COGS Drugs Sales - GCH,,,,,,,,,,,,,,,,
"""PEP1""",PEP1,Granules & Powder,Granules & Powder,Tin,,PEPTAMEN JUNIOR MILK-PD,0,,0,0,0,0,Oral,,,,,Granules & Powder,0,0,0,1,1,0,0,0,0,3800,0,0,,,,0,0,,PEPTAMEN JUNIOR MILK-PD,0,31-12-2099,Purchase,,,0,,1,0,,1,0,0,0,,0,Item Attribute,1,,0,0,0,0,0,,0,,,,1,1,0,,0,0,,0,0,,0,0,,0,,,0,,,0,0,0,PEPTAMEN JUNIOR MILK-PD,GERTIES-GEN GEN0577 - Nutritional formulation,Granules & Powder,,,,,,,,,,,,,,,"""b234208f95""",Tin,1,,,,,,,,,,,"""86d3ddc31d""",Gertrudes Childrens Hospital,Muthaiga Pharmacy - GCH,Standard Selling,,Main - GCH,,4002 - Drug Income - GCH,Main - GCH,5002 - COGS Drugs Sales - GCH,,,,,,,,,,,,,,,,
"""PHE404971""",PHE404971,Ear and Eye Drops and Ointment,Ear and Eye Drops and Ointment,Bottle,,PHENYLEPHRINE 2.5% (MINIMS) EYE DROP,0,,0,0,0,0,Eye Drop,,,,,Eye Drop,0,0,0,1,1,0,0,0,0,230,0,0,,,,0,0,,PHENYLEPHRINE 2.5% (MINIMS) EYE DROP,0,31-12-2099,Purchase,,,0,,1,0,,1,0,0,0,,0,Item Attribute,1,,0,0,0,0,0,,0,,,,1,1,0,,0,0,,0,0,,0,0,,0,,,0,,,0,0,0,PHENYLEPHRINE 2.5% (MINIMS) EYE DROP,GERTIES-GEN GEN194698 - Phenylephrine,Ear and Eye Drops and Ointment,,,,,,,,,,,,,,,"""daa0bdf4bc""",Bottle,1,,,,,,,,,,,"""ee3bdfccfa""",Gertrudes Childrens Hospital,Muthaiga Pharmacy - GCH,Standard Selling,,Main - GCH,,4002 - Drug Income - GCH,Main - GCH,5002 - COGS Drugs Sales - GCH,,,,,,,,,,,,,,,,
"""PIC1""",PIC1,Granules & Powder,Granules & Powder,Sachets,,PICOLAX SATCHETS-PD,0,,0,0,0,0,Oral,,,,,Granules & Powder,0,0,0,1,1,0,0,0,0,930,0,0,,,,0,0,,PICOLAX SATCHETS-PD,0,31-12-2099,Purchase,,,0,,1,0,,1,0,0,0,,0,Item Attribute,1,,0,0,0,0,0,,0,,,,1,1,0,,0,0,,0,0,,0,0,,0,,,0,,,0,0,0,PICOLAX SATCHETS-PD,GERTIES-GEN GEN0728 - Sodium picosulphate,Granules & Powder,,,,,,,,,,,,,,,"""50273ceb4d""",Sachets,1,,,,,,,,,,,"""b7b18417f0""",Gertrudes Childrens Hospital,Muthaiga Pharmacy - GCH,Standard Selling,,Main - GCH,,4002 - Drug Income - GCH,Main - GCH,5002 - COGS Drugs Sales - GCH,,,,,,,,,,,,,,,,
"""POL397998""",POL397998,Ear and Eye Drops and Ointment,Ear and Eye Drops and Ointment,Bottle,,POLYTROL DROPS,0,,0,0,0,0,Eye Drop,,,,,Eye Drop,0,0,0,1,1,0,0,0,0,210,0,0,,,,0,0,,POLYTROL DROPS,0,31-12-2099,Purchase,,,0,,1,0,,1,0,0,0,,0,Item Attribute,1,,0,0,0,0,0,,0,,,,1,1,0,,0,0,,0,0,,0,0,,0,,,0,,,0,0,0,POLYTROL DROPS,GERTIES-GEN GEN241108 - Dexamethasone + Neomycin + Polymixin B,Ear and Eye Drops and Ointment,,,,,,,,,,,,,,,"""647c5cf04e""",Bottle,1,,,,,,,,,,,"""4a3070684d""",Gertrudes Childrens Hospital,Muthaiga Pharmacy - GCH,Standard Selling,,Main - GCH,,4002 - Drug Income - GCH,Main - GCH,5002 - COGS Drugs Sales - GCH,,,,,,,,,,,,,,,,
"""PRE1""",PRE1,Granules & Powder,Granules & Powder,Tin,,PRE-NAN MILK 400G - PD,0,,0,0,0,0,Oral,,,,,Granules & Powder,1,0,0,1,1,0,0,0,0,1390,0,0,,,,0,0,,PRE-NAN MILK 400G - PD,0,31-12-2099,Purchase,,,0,,1,0,,1,0,0,0,,0,Item Attribute,1,,0,0,0,0,0,,0,,,,1,1,0,,0,0,,0,0,,0,0,,0,,,0,,,0,0,0,PRE-NAN MILK 400G - PD,GERTIES-GEN GEN166746 - Infant Milk Formula For Preterm+Low-Birth Weight Infants,Granules & Powder,,,,,,,,,,,,,,,"""d6b1b38fa7""",Tin,1,,,,,,,,,,,"""4626da689c""",Gertrudes Childrens Hospital,Muthaiga Pharmacy - GCH,Standard Selling,,Main - GCH,,4002 - Drug Income - GCH,Main - GCH,5002 - COGS Drugs Sales - GCH,,,,,,,,,,,,,,,,
"""PRE2""",PRE2,Ear and Eye Drops and Ointment,Ear and Eye Drops and Ointment,Bottle,,PRED-FORTE EYE DROPS 5ML-PD,0,,0,0,0,0,Eye Drop,,,,,Eye Drop,1,0,0,1,1,0,0,0,0,1100,0,0,,,,0,0,,PRED-FORTE EYE DROPS 5ML-PD,0,31-12-2099,Purchase,,,0,,1,0,,1,0,0,0,,0,Item Attribute,1,,0,0,0,0,0,,0,,,,1,1,0,,0,0,,0,0,,0,0,,0,,,0,,,0,0,0,PRED-FORTE EYE DROPS 5ML-PD,GERTIES-GEN GEN0649 - Prednisolone,Ear and Eye Drops and Ointment,,,,,,,,,,,,,,,"""e980b43e92""",Bottle,1,,,,,,,,,,,"""1778cc3ec3""",Gertrudes Childrens Hospital,Muthaiga Pharmacy - GCH,Standard Selling,,Main - GCH,,4002 - Drug Income - GCH,Main - GCH,5002 - COGS Drugs Sales - GCH,,,,,,,,,,,,,,,,
"""PRO1""",PRO1,Ear and Eye Drops and Ointment,Ear and Eye Drops and Ointment,Bottle,,PROBETA DROPS-PD,0,,0,0,0,0,Eye Drop,,,,,Eye Drop,0,0,0,1,1,0,0,0,0,100,0,0,,,,0,0,,PROBETA DROPS-PD,0,31-12-2099,Purchase,,,0,,1,0,,1,0,0,0,,0,Item Attribute,1,,0,0,0,0,0,,0,,,,1,1,0,,0,0,,0,0,,0,0,,0,,,0,,,0,0,0,PROBETA DROPS-PD,GERTIES-GEN GEN0095 - Betamethasone,Ear and Eye Drops and Ointment,,,,,,,,,,,,,,,"""527e3688b1""",Bottle,1,,,,,,,,,,,"""79b055e01a""",Gertrudes Childrens Hospital,Muthaiga Pharmacy - GCH,Standard Selling,,Main - GCH,,4002 - Drug Income - GCH,Main - GCH,5002 - COGS Drugs Sales - GCH,,,,,,,,,,,,,,,,
"""PRO158673""",PRO158673,Ear and Eye Drops and Ointment,Ear and Eye Drops and Ointment,Bottle,,PROBETA N DROPS - OUTREACH,0,,0,0,0,0,Eye/Ear/Nose Drop,,,,,Eye/Ear/Nose Drop,0,0,0,1,1,0,0,0,0,140,0,0,,,,0,0,,PROBETA N DROPS - OUTREACH,0,31-12-2099,Purchase,,,0,,1,0,,1,0,0,0,,0,Item Attribute,1,,0,0,0,0,0,,0,,,,1,1,0,,0,0,,0,0,,0,0,,0,,,0,,,0,0,0,PROBETA N DROPS - OUTREACH,GERTIES-GEN GEN0102 - Betamethasone+Neomycin,Ear and Eye Drops and Ointment,,,,,,,,,,,,,,,"""29c9296931""",Bottle,1,,,,,,,,,,,"""d509203597""",Gertrudes Childrens Hospital,Muthaiga Pharmacy - GCH,Standard Selling,,Main - GCH,,4002 - Drug Income - GCH,Main - GCH,5002 - COGS Drugs Sales - GCH,,,,,,,,,,,,,,,,
"""PRO2""",PRO2,Ear and Eye Drops and Ointment,Ear and Eye Drops and Ointment,Bottle,,PROBETA N DROPS-PD,0,,0,0,0,0,Eye/Ear/Nose Drop,,,,,Eye/Ear/Nose Drop,0,0,0,1,1,0,0,0,0,140,0,0,,,,0,0,,PROBETA N DROPS-PD,0,31-12-2099,Purchase,,,0,,1,0,,1,0,0,0,,0,Item Attribute,1,,0,0,0,0,0,,0,,,,1,1,0,,0,0,,0,0,,0,0,,0,,,0,,,0,0,0,PROBETA N DROPS-PD,GERTIES-GEN GEN0102 - Betamethasone+Neomycin,Ear and Eye Drops and Ointment,,,,,,,,,,,,,,,"""c2ffd15c02""",Bottle,1,,,,,,,,,,,"""7c598ca11d""",Gertrudes Childrens Hospital,Muthaiga Pharmacy - GCH,Standard Selling,,Main - GCH,,4002 - Drug Income - GCH,Main - GCH,5002 - COGS Drugs Sales - GCH,,,,,,,,,,,,,,,,
"""PRO392011""",PRO392011,Granules & Powder,Granules & Powder,Sachets,,PROMIMBA POCD SATCHET,0,,0,0,0,0,Oral,,,,,Granules & Powder,0,0,0,1,1,0,0,0,0,415,0,0,,,,0,0,,PROMIMBA POCD SATCHET,0,31-12-2099,Purchase,,,0,,1,0,,1,0,0,0,,0,Item Attribute,1,,0,0,0,0,0,,0,,,,1,1,0,,0,0,,0,0,,0,0,,0,,,0,,,0,0,0,PROMIMBA POCD SATCHET,"GERTIES-GEN GEN360681 - Myo-Inositol, L-Methylfolate & Calcium",Granules & Powder,,,,,,,,,,,,,,,"""a18ade600f""",Sachets,1,,,,,,,,,,,"""fa3728510a""",Gertrudes Childrens Hospital,Muthaiga Pharmacy - GCH,Standard Selling,,Main - GCH,,4002 - Drug Income - GCH,Main - GCH,5002 - COGS Drugs Sales - GCH,,,,,,,,,,,,,,,,
"""PRO55920""",PRO55920,Ear and Eye Drops and Ointment,Ear and Eye Drops and Ointment,Bottle,,PROLOXIN EYE/EAR DROPS (CIPROFLOXACIN) - PD,0,,0,0,0,0,Eye/Ear Drop,,,,,Eye/Ear Drop,0,0,0,1,1,0,0,0,0,160,0,0,,,,0,0,,PROLOXIN EYE/EAR DROPS (CIPROFLOXACIN) - PD,0,31-12-2099,Purchase,,,0,,1,0,,1,0,0,0,,0,Item Attribute,1,,0,0,0,0,0,,0,,,,1,1,0,,0,0,,0,0,,0,0,,0,,,0,,,0,0,0,PROLOXIN EYE/EAR DROPS (CIPROFLOXACIN) - PD,GERTIES-GEN GEN0186 - Ciprofloxacin,Ear and Eye Drops and Ointment,,,,,,,,,,,,,,,"""958f34afcb""",Bottle,1,,,,,,,,,,,"""c91aefdea3""",Gertrudes Childrens Hospital,Muthaiga Pharmacy - GCH,Standard Selling,,Main - GCH,,4002 - Drug Income - GCH,Main - GCH,5002 - COGS Drugs Sales - GCH,,,,,,,,,,,,,,,,
"""QUE1""",QUE1,Granules & Powder,Granules & Powder,Sachets,,QUESTRAN SATCHETS-PD,0,,0,0,0,0,Oral,,,,,Granules & Powder,0,0,0,1,1,0,0,0,0,150,0,0,,,,0,0,,QUESTRAN SATCHETS-PD,0,31-12-2099,Purchase,,,0,,1,0,,1,0,0,0,,0,Item Attribute,1,,0,0,0,0,0,,0,,,,1,1,0,,0,0,,0,0,,0,0,,0,,,0,,,0,0,0,QUESTRAN SATCHETS-PD,GERTIES-GEN GEN0179 - Cholestyramine,Granules & Powder,,,,,,,,,,,,,,,"""cc3f8fd4b8""",Sachets,1,,,,,,,,,,,"""b49cb583ac""",Gertrudes Childrens Hospital,Muthaiga Pharmacy - GCH,Standard Selling,,Main - GCH,,4002 - Drug Income - GCH,Main - GCH,5002 - COGS Drugs Sales - GCH,,,,,,,,,,,,,,,,
"""QUI2""",QUI2,"Tablets, Capsules and Lozenges",Tabloz,Tablet,,QUININE 300MG TABS-PD,0,,0,0,0,0,Oral,UploadData,,,mg,Tablet,0,1,0,1,1,0,0,0,0,10,0,0,,,,0,0,,QUININE 300MG TABS-PD,0,31-12-2099,Purchase,,,0,,1,0,,1,0,0,0,,0,Item Attribute,1,,0,0,0,0,0,,0,,,,1,1,0,,0,0,,0,0,,0,0,,0,,,0,,,0,0,0,QUININE 300MG TABS-PD,GERTIES-GEN GEN0668 - quiNINE Sulphate,"Tablets, Capsules and Lozenges",,,,,,,,,,,,,,,"""e0e2546af2""",Tablet,1,,,,,,,,,,,"""0452b1c4f0""",Gertrudes Childrens Hospital,Muthaiga Pharmacy - GCH,Standard Selling,,Main - GCH,,4002 - Drug Income - GCH,Main - GCH,5002 - COGS Drugs Sales - GCH,,,,,,,,,,,,,,,,
"""REF67237""",REF67237,Ear and Eye Drops and Ointment,Ear and Eye Drops and Ointment,Bottle,,REFRESH TEARS EYE DROPS - PD,0,,0,0,0,0,Eye Drop,,,,,Eye Drop,0,0,0,1,1,0,0,0,0,1280,0,0,,,,0,0,,REFRESH TEARS EYE DROPS - PD,0,31-12-2099,Purchase,,,0,,1,0,,1,0,0,0,,0,Item Attribute,1,,0,0,0,0,0,,0,,,,1,1,0,,0,0,,0,0,,0,0,,0,,,0,,,0,0,0,REFRESH TEARS EYE DROPS - PD,GERTIES-GEN GEN0064 - Artificial tears,Ear and Eye Drops and Ointment,,,,,,,,,,,,,,,"""866d285402""",Bottle,1,,,,,,,,,,,"""b12c09dbaa""",Gertrudes Childrens Hospital,Muthaiga Pharmacy - GCH,Standard Selling,,Main - GCH,,4002 - Drug Income - GCH,Main - GCH,5002 - COGS Drugs Sales - GCH,,,,,,,,,,,,,,,,
"""RES1""",RES1,Granules & Powder,Granules & Powder,Gram,,RESONIUM POWDER-PD,0,,0,0,0,0,Oral,,,,,Granules & Powder,0,0,0,1,1,0,0,0,0,30,0,0,,,,0,0,,RESONIUM POWDER-PD,0,31-12-2099,Purchase,,,0,,1,0,,1,0,0,0,,0,Item Attribute,1,,0,0,0,0,0,,0,,,,1,1,0,,0,0,,0,0,,0,0,,0,,,0,,,0,0,0,RESONIUM POWDER-PD,GERTIES-GEN GEN02032 - RESONIUM,Granules & Powder,,,,,,,,,,,,,,,"""c37cf9a0d6""",Gram,1,,,,,,,,,,,"""d0322c0752""",Gertrudes Childrens Hospital,Muthaiga Pharmacy - GCH,Standard Selling,,Main - GCH,,4002 - Drug Income - GCH,Main - GCH,5002 - COGS Drugs Sales - GCH,,,,,,,,,,,,,,,,
"""SAB2""",SAB2,Granules & Powder,Granules & Powder,Sachets,,SABRIL SACHETS (VIGABATRIN)-PD,0,,0,0,0,0,Oral,,,,,Granules & Powder,0,0,0,1,1,0,0,0,0,180,0,0,,,,0,0,,SABRIL SACHETS (VIGABATRIN)-PD,0,31-12-2099,Purchase,,,0,,1,0,,1,0,0,0,,0,Item Attribute,1,,0,0,0,0,0,,0,,,,1,1,0,,0,0,,0,0,,0,0,,0,,,0,,,0,0,0,SABRIL SACHETS (VIGABATRIN)-PD,GERTIES-GEN GEN0819 - Vigabatrim,Granules & Powder,,,,,,,,,,,,,,,"""91ff31d65a""",Sachets,1,,,,,,,,,,,"""47ab74ef7a""",Gertrudes Childrens Hospital,Muthaiga Pharmacy - GCH,Standard Selling,,Main - GCH,,4002 - Drug Income - GCH,Main - GCH,5002 - COGS Drugs Sales - GCH,,,,,,,,,,,,,,,,
"""SAL10""",SAL10,Ear and Eye Drops and Ointment,Ear and Eye Drops and Ointment,Bottle,,SALINAL DROPS-PD,0,,0,0,0,0,Eye Drop,,,,,Eye Drop,0,0,0,1,1,0,0,0,0,385,0,0,,,,0,0,,SALINAL DROPS-PD,0,31-12-2099,Purchase,,,0,,1,0,,1,0,0,0,,0,Item Attribute,1,,0,0,0,0,0,,0,,,,1,1,0,,0,0,,0,0,,0,0,,0,,,0,,,0,0,0,SALINAL DROPS-PD,GERTIES-GEN GEN0711 - Simethicone,Ear and Eye Drops and Ointment,,,,,,,,,,,,,,,"""205097da75""",Bottle,1,,,,,,,,,,,"""d3cefeeac7""",Gertrudes Childrens Hospital,Muthaiga Pharmacy - GCH,Standard Selling,,Main - GCH,,4002 - Drug Income - GCH,Main - GCH,5002 - COGS Drugs Sales - GCH,,,,,,,,,,,,,,,,
"""SIC1""",SIC1,Ear and Eye Drops and Ointment,Ear and Eye Drops and Ointment,Bottle,,SICCAPOS EYE GEL 10G-PD,0,,0,0,0,0,Eye Drop,,,,,Eye Drop,1,0,0,1,1,0,0,0,0,730,0,0,,,,0,0,,SICCAPOS EYE GEL 10G-PD,0,31-12-2099,Purchase,,,0,,1,0,,1,0,0,0,,0,Item Attribute,1,,0,0,0,0,0,,0,,,,1,1,0,,0,0,,0,0,,0,0,,0,,,0,,,0,0,0,SICCAPOS EYE GEL 10G-PD,GERTIES-GEN GEN0064 - Artificial tears,Ear and Eye Drops and Ointment,,,,,,,,,,,,,,,"""94cead3c60""",Bottle,1,,,,,,,,,,,"""16f40c1ba5""",Gertrudes Childrens Hospital,Muthaiga Pharmacy - GCH,Standard Selling,,Main - GCH,,4002 - Drug Income - GCH,Main - GCH,5002 - COGS Drugs Sales - GCH,,,,,,,,,,,,,,,,
"""SIM2""",SIM2,Granules & Powder,Granules & Powder,Tin,,SIMILAC MILK 2-PD,0,,0,0,0,0,Oral,,,,,Granules & Powder,0,0,0,1,1,0,0,0,0,1960,0,0,,,,0,0,,SIMILAC MILK 2-PD,0,31-12-2099,Purchase,,,0,,1,0,,1,0,0,0,,0,Item Attribute,1,,0,0,0,0,0,,0,,,,1,1,0,,0,0,,0,0,,0,0,,0,,,0,,,0,0,0,SIMILAC MILK 2-PD,GERTIES-GEN GEN11248 - SIMILAC,Granules & Powder,,,,,,,,,,,,,,,"""a69e5df793""",Tin,1,,,,,,,,,,,"""0ab5fd246b""",Gertrudes Childrens Hospital,Muthaiga Pharmacy - GCH,Standard Selling,,Main - GCH,,4002 - Drug Income - GCH,Main - GCH,5002 - COGS Drugs Sales - GCH,,,,,,,,,,,,,,,,
"""SOL314225""",SOL314225,Granules & Powder,Granules & Powder,Sachets,,SOLO 4MG GRANULES-PD,0,,0,0,0,0,Oral,,,,,Granules & Powder,0,0,0,1,1,0,0,0,0,40,0,0,,,,0,0,,SOLO 4MG GRANULES-PD,0,31-12-2099,Purchase,,,0,,1,0,,1,0,0,0,,0,Item Attribute,1,,0,0,0,0,0,,0,,,,1,1,0,,0,0,,0,0,,0,0,,0,,,0,,,0,0,0,SOLO 4MG GRANULES-PD,GERTIES-GEN GEN0545 - Montelukast,Granules & Powder,,,,,,,,,,,,,,,"""eaef759f6f""",Sachets,1,,,,,,,,,,,"""0bb1db6a1a""",Gertrudes Childrens Hospital,Muthaiga Pharmacy - GCH,Standard Selling,,Main - GCH,,4002 - Drug Income - GCH,Main - GCH,5002 - COGS Drugs Sales - GCH,,,,,,,,,,,,,,,,
"""SUN251048""",SUN251048,Granules & Powder,Granules & Powder,Sachets,,SUNDE SATCHETS (CHOLECALCIFEROL 60 000 I.U),0,,0,0,0,0,Oral,,,,,Granules & Powder,0,0,0,1,1,0,0,0,0,150,0,0,,,,0,0,,SUNDE SATCHETS (CHOLECALCIFEROL 60 000 I.U),0,31-12-2099,Purchase,,,0,,1,0,,1,0,0,0,,0,Item Attribute,1,,0,0,0,0,0,,0,,,,1,1,0,,0,0,,0,0,,0,0,,0,,,0,,,0,0,0,SUNDE SATCHETS (CHOLECALCIFEROL 60 000 I.U),GERTIES-GEN GEN0178 - Cholecalciferol,Granules & Powder,,,,,,,,,,,,,,,"""78cc15fbb0""",Sachets,1,,,,,,,,,,,"""aaab582f8f""",Gertrudes Childrens Hospital,Muthaiga Pharmacy - GCH,Standard Selling,,Main - GCH,,4002 - Drug Income - GCH,Main - GCH,5002 - COGS Drugs Sales - GCH,,,,,,,,,,,,,,,,
"""TET5""",TET5,Ear and Eye Drops and Ointment,Ear and Eye Drops and Ointment,Tube,,TETRACYCLINE 1% EYE OINT.-PD,0,,0,0,0,0,Eye Ointment,,,,,Eye Ointment,0,0,0,1,1,0,0,0,0,50,0,0,,,,0,0,,TETRACYCLINE 1% EYE OINT.-PD,0,31-12-2099,Purchase,,,0,,1,0,,1,0,0,0,,0,Item Attribute,1,,0,0,0,0,0,,0,,,,1,1,0,,0,0,,0,0,,0,0,,0,,,0,,,0,0,0,TETRACYCLINE 1% EYE OINT.-PD,GERTIES-GEN GEN0767 - Tetracycline,Ear and Eye Drops and Ointment,,,,,,,,,,,,,,,"""ac8e47ad19""",Tube,1,,,,,,,,,,,"""9c12c2f3db""",Gertrudes Childrens Hospital,Muthaiga Pharmacy - GCH,Standard Selling,,Main - GCH,,4002 - Drug Income - GCH,Main - GCH,5002 - COGS Drugs Sales - GCH,,,,,,,,,,,,,,,,
"""TET8""",TET8,Ear and Eye Drops and Ointment,Ear and Eye Drops and Ointment,Tube,,TETRACYCLINE 1% EYE OINT- OUTREACH,0,,0,0,0,0,Eye Ointment,,,,,Eye Ointment,0,0,0,1,1,0,0,0,0,20,0,0,,,,0,0,,TETRACYCLINE 1% EYE OINT- OUTREACH,0,31-12-2099,Purchase,,,0,,1,0,,1,0,0,0,,0,Item Attribute,1,,0,0,0,0,0,,0,,,,1,1,0,,0,0,,0,0,,0,0,,0,,,0,,,0,0,0,TETRACYCLINE 1% EYE OINT- OUTREACH,GERTIES-GEN GEN0767 - Tetracycline,Ear and Eye Drops and Ointment,,,,,,,,,,,,,,,"""801eadb534""",Tube,1,,,,,,,,,,,"""50ad85461b""",Gertrudes Childrens Hospital,Muthaiga Pharmacy - GCH,Standard Selling,,Main - GCH,,4002 - Drug Income - GCH,Main - GCH,5002 - COGS Drugs Sales - GCH,,,,,,,,,,,,,,,,
"""THI68490""",THI68490,Granules & Powder,Granules & Powder,Tin,,THICK AND EASY,0,,0,0,0,0,Oral,,,,,Granules & Powder,1,0,0,1,1,0,0,0,0,3585,0,0,,,,0,0,,THICK AND EASY,0,31-12-2099,Purchase,,,0,,1,0,,1,0,0,0,,0,Item Attribute,1,,0,0,0,0,0,,0,,,,1,1,0,,0,0,,0,0,,0,0,,0,,,0,,,0,0,0,THICK AND EASY,GERTIES-GEN GEN0539 - Infant Formula for Minor Digestive Problems (Antiregurgitation),Granules & Powder,,,,,,,,,,,,,,,"""028eac576d""",Tin,1,,,,,,,,,,,"""203974efef""",Gertrudes Childrens Hospital,Muthaiga Pharmacy - GCH,Standard Selling,,Main - GCH,,4002 - Drug Income - GCH,Main - GCH,5002 - COGS Drugs Sales - GCH,,,,,,,,,,,,,,,,
"""TIM1""",TIM1,Ear and Eye Drops and Ointment,Ear and Eye Drops and Ointment,Bottle,,TIMOLOL EYE DROPS 0.5%,0,,0,0,0,0,Eye Drop,,,,,Eye Drop,1,0,0,1,1,0,0,0,0,920,0,0,,,,0,0,,TIMOLOL EYE DROPS 0.5%,0,31-12-2099,Purchase,,,0,,1,0,,1,0,0,0,,0,Item Attribute,1,,0,0,0,0,0,,0,,,,1,1,0,,0,0,,0,0,,0,0,,0,,,0,,,0,0,0,TIMOLOL EYE DROPS 0.5%,GERTIES-GEN GEN0774 - Timolol,Ear and Eye Drops and Ointment,,,,,,,,,,,,,,,"""070590fee2""",Bottle,1,,,,,,,,,,,"""2397c4f3ff""",Gertrudes Childrens Hospital,Muthaiga Pharmacy - GCH,Standard Selling,,Main - GCH,,4002 - Drug Income - GCH,Main - GCH,5002 - COGS Drugs Sales - GCH,,,,,,,,,,,,,,,,
"""TOB1""",TOB1,Ear and Eye Drops and Ointment,Ear and Eye Drops and Ointment,Bottle,,TOBRADEX EYE DROPS-PD,0,,0,0,0,0,Eye Drop,,,,,Eye Drop,1,0,0,1,1,0,0,0,0,750,0,0,,,,0,0,,TOBRADEX EYE DROPS-PD,0,31-12-2099,Purchase,,,0,,1,0,,1,0,0,0,,0,Item Attribute,1,,0,0,0,0,0,,0,,,,1,1,0,,0,0,,0,0,,0,0,,0,,,0,,,0,0,0,TOBRADEX EYE DROPS-PD,GERTIES-GEN GEN0250 - Dexamethasone+Tobramycin,Ear and Eye Drops and Ointment,,,,,,,,,,,,,,,"""8856284892""",Bottle,1,,,,,,,,,,,"""8347c37333""",Gertrudes Childrens Hospital,Muthaiga Pharmacy - GCH,Standard Selling,,Main - GCH,,4002 - Drug Income - GCH,Main - GCH,5002 - COGS Drugs Sales - GCH,,,,,,,,,,,,,,,,
"""TOB2""",TOB2,Ear and Eye Drops and Ointment,Ear and Eye Drops and Ointment,Bottle,,TOBREX EYE DROPS-PD,0,,0,0,0,0,Eye Drop,,,,,Eye Drop,1,0,0,1,1,0,0,0,0,860,0,0,,,,0,0,,TOBREX EYE DROPS-PD,0,31-12-2099,Purchase,,,0,,1,0,,1,0,0,0,,0,Item Attribute,1,,0,0,0,0,0,,0,,,,1,1,0,,0,0,,0,0,,0,0,,0,,,0,,,0,0,0,TOBREX EYE DROPS-PD,GERTIES-GEN GEN0777 - Tobramycin,Ear and Eye Drops and Ointment,,,,,,,,,,,,,,,"""0f30b382b8""",Bottle,1,,,,,,,,,,,"""49f4a0f6de""",Gertrudes Childrens Hospital,Muthaiga Pharmacy - GCH,Standard Selling,,Main - GCH,,4002 - Drug Income - GCH,Main - GCH,5002 - COGS Drugs Sales - GCH,,,,,,,,,,,,,,,,
"""TOB3""",TOB3,Ear and Eye Drops and Ointment,Ear and Eye Drops and Ointment,Tube,,TOBRADEX EYE OINT-PD,0,,0,0,0,0,Eye Ointment,UploadData,,,,Ointment,1,0,0,1,1,0,0,0,0,740,0,0,,,,0,0,,TOBRADEX EYE OINT-PD,0,31-12-2099,Purchase,,,0,,1,0,,1,0,0,0,,0,Item Attribute,1,,0,0,0,0,0,,0,,,,1,1,0,,0,0,,0,0,,0,0,,0,,,0,,,0,0,0,TOBRADEX EYE OINT-PD,GERTIES-GEN GEN0250 - Dexamethasone+Tobramycin,Ear and Eye Drops and Ointment,,,,,,,,,,,,,,,"""73bbca8a29""",Tube,1,,,,,,,,,,,"""a861b1b103""",Gertrudes Childrens Hospital,Muthaiga Pharmacy - GCH,Standard Selling,,Main - GCH,,4002 - Drug Income - GCH,Main - GCH,5002 - COGS Drugs Sales - GCH,,,,,,,,,,,,,,,,
"""VIG22083""",VIG22083,Ear and Eye Drops and Ointment,Ear and Eye Drops and Ointment,Bottle,,VIGAMOX EYE DROPS 0.5% -PD,0,,0,0,0,0,Eye Drop,,,,,Eye Drop,0,0,0,1,1,0,0,0,0,3250,0,0,,,,0,0,,VIGAMOX EYE DROPS 0.5% -PD,0,31-12-2099,Purchase,,,0,,1,0,,1,0,0,0,,0,Item Attribute,1,,0,0,0,0,0,,0,,,,1,1,0,,0,0,,0,0,,0,0,,0,,,0,,,0,0,0,VIGAMOX EYE DROPS 0.5% -PD,GERTIES-GEN GEN0549 - Moxifloxacin,Ear and Eye Drops and Ointment,,,,,,,,,,,,,,,"""24730aa22d""",Bottle,1,,,,,,,,,,,"""e1b12e7ee7""",Gertrudes Childrens Hospital,Muthaiga Pharmacy - GCH,Standard Selling,,Main - GCH,,4002 - Drug Income - GCH,Main - GCH,5002 - COGS Drugs Sales - GCH,,,,,,,,,,,,,,,,
"""VIS1""",VIS1,Ear and Eye Drops and Ointment,Ear and Eye Drops and Ointment,Bottle,,VISTAMETHASONE E/E/N. DROP-PD,0,,0,0,0,0,Eye/Ear/Nose Drop,,,,,Eye/Ear/Nose Drop,0,0,0,1,1,0,0,0,0,385,0,0,,,,0,0,,VISTAMETHASONE E/E/N. DROP-PD,0,31-12-2099,Purchase,,,0,,1,0,,1,0,0,0,,0,Item Attribute,1,,0,0,0,0,0,,0,,,,1,1,0,,0,0,,0,0,,0,0,,0,,,0,,,0,0,0,VISTAMETHASONE E/E/N. DROP-PD,GERTIES-GEN GEN0095 - Betamethasone,Ear and Eye Drops and Ointment,,,,,,,,,,,,,,,"""dfde340606""",Bottle,1,,,,,,,,,,,"""43909770bd""",Gertrudes Childrens Hospital,Muthaiga Pharmacy - GCH,Standard Selling,,Main - GCH,,4002 - Drug Income - GCH,Main - GCH,5002 - COGS Drugs Sales - GCH,,,,,,,,,,,,,,,,
"""VISggg3""",VISggg3,Ear and Eye Drops and Ointment,Ear and Eye Drops and Ointment,Bottle,,VISINE EYE DROPS,0,,0,0,0,0,Eye Drop,,,,,Eye Drop,1,0,0,1,1,0,0,0,0,1080,0,0,,,,0,0,,VISINE EYE DROPS,0,31-12-2099,Purchase,,,0,,1,0,,1,0,0,0,,0,Item Attribute,1,,0,0,0,0,0,,0,,,,1,1,0,,0,0,,0,0,,0,0,,0,,,0,,,0,0,0,VISINE EYE DROPS,GERTIES-GEN GEN0768 - Tetrahydrozoline,Ear and Eye Drops and Ointment,,,,,,,,,,,,,,,"""d8b01291df""",Bottle,1,,,,,,,,,,,"""45c530ebed""",Gertrudes Childrens Hospital,Muthaiga Pharmacy - GCH,Standard Selling,,Main - GCH,,4002 - Drug Income - GCH,Main - GCH,5002 - COGS Drugs Sales - GCH,,,,,,,,,,,,,,,,
"""VOL19263""",VOL19263,Granules & Powder,Granules & Powder,Sachets,,VOLTFAST SACHETS 50MG-PD,0,,0,0,0,0,Oral,,,,,Granules & Powder,0,0,0,1,1,0,0,0,0,120,0,0,,,,0,0,,VOLTFAST SACHETS 50MG-PD,0,31-12-2099,Purchase,,,0,,1,0,,1,0,0,0,,0,Item Attribute,1,,0,0,0,0,0,,0,,,,1,1,0,,0,0,,0,0,,0,0,,0,,,0,,,0,0,0,VOLTFAST SACHETS 50MG-PD,GERTIES-GEN GEN0257 - Diclofenac potassium,Granules & Powder,,,,,,,,,,,,,,,"""160b02c549""",Sachets,1,,,,,,,,,,,"""dddc89fd74""",Gertrudes Childrens Hospital,Muthaiga Pharmacy - GCH,Standard Selling,,Main - GCH,,4002 - Drug Income - GCH,Main - GCH,5002 - COGS Drugs Sales - GCH,,,,,,,,,,,,,,,,
"""WAX1""",WAX1,Ear and Eye Drops and Ointment,Ear and Eye Drops and Ointment,Bottle,,WAXSOL EAR DROPS-PD,0,,0,0,0,0,Ear Drop,,,,,Ear Drop,1,0,0,1,1,0,0,0,0,680,0,0,,,,0,0,,WAXSOL EAR DROPS-PD,0,31-12-2099,Purchase,,,0,,1,0,,1,0,0,0,,0,Item Attribute,1,,0,0,0,0,0,,0,,,,1,1,0,,0,0,,0,0,,0,0,,0,,,0,,,0,0,0,WAXSOL EAR DROPS-PD,GERTIES-GEN GEN268935 - WAXSOL,Ear and Eye Drops and Ointment,,,,,,,,,,,,,,,"""0912347ea2""",Bottle,1,,,,,,,,,,,"""33c14cc6c7""",Gertrudes Childrens Hospital,Muthaiga Pharmacy - GCH,Standard Selling,,Main - GCH,,4002 - Drug Income - GCH,Main - GCH,5002 - COGS Drugs Sales - GCH,,,,,,,,,,,,,,,,
"""XOL327148""",XOL327148,Ear and Eye Drops and Ointment,Ear and Eye Drops and Ointment,Bottle,,XOLAMOL EYE DROPS-PD,0,,0,0,0,0,Eye Drop,,,,,Eye Drop,0,0,0,1,1,0,0,0,0,1600,0,0,,,,0,0,,XOLAMOL EYE DROPS-PD,0,31-12-2099,Purchase,,,0,,1,0,,1,0,0,0,,0,Item Attribute,1,,0,0,0,0,0,,0,,,,1,1,0,,0,0,,0,0,,0,0,,0,,,0,,,0,0,0,XOLAMOL EYE DROPS-PD,GERTIES-GEN GEN322323 - Dorzolamide HCL/Timolol,Ear and Eye Drops and Ointment,,,,,,,,,,,,,,,"""c2ec5f6177""",Bottle,1,,,,,,,,,,,"""10aeeaad5f""",Gertrudes Childrens Hospital,Muthaiga Pharmacy - GCH,Standard Selling,,Main - GCH,,4002 - Drug Income - GCH,Main - GCH,5002 - COGS Drugs Sales - GCH,,,,,,,,,,,,,,,,
"""ZOV5""",ZOV5,Ear and Eye Drops and Ointment,Ear and Eye Drops and Ointment,Tube,,ZOVIRAX EYE OINT 4.5G -PD,0,,0,0,0,0,Eye Ointment,,,,,Eye Ointment,0,0,0,1,1,0,0,0,0,4430,0,0,,,,0,0,,ZOVIRAX EYE OINT 4.5G -PD,0,31-12-2099,Purchase,,,0,,1,0,,1,0,0,0,,0,Item Attribute,1,,0,0,0,0,0,,0,,,,1,1,0,,0,0,,0,0,,0,0,,0,,,0,,,0,0,0,ZOVIRAX EYE OINT 4.5G -PD,GERTIES-GEN GEN0009 - ACICLOVIR,Ear and Eye Drops and Ointment,,,,,,,,,,,,,,,"""d8f8275c80""",Tube,1,,,,,,,,,,,"""646f12573b""",Gertrudes Childrens Hospital,Muthaiga Pharmacy - GCH,Standard Selling,,Main - GCH,,4002 - Drug Income - GCH,Main - GCH,5002 - COGS Drugs Sales - GCH,,,,,,,,,,,,,,,,
"""ORA324304""",ORA324304,Granules & Powder,Granules & Powder,Sachets,,ORASOL (ORS) SACHETS-PD,0,,0,0,0,0,Oral,,,,,Granules & Powder,DISSOLVE THE CONTENTS IN 500MLS OF CLEAN DRINKING WATER (BOTTLED OR BOILED AND COOLED). USE THE REHYDRATION SOLUTION LIBERALLY. DISCARD ANY UNUSED  AMOUNT  AFTER 24HOURS; AND PREPARE A FRESH SOLUTION.,0,0,1,1,0,0,0,0,20,0,0,,,,0,0,,ORASOL (ORS) SACHETS-PD,0,31-12-2099,Purchase,,,0,,1,0,,1,0,0,0,,0,Item Attribute,1,,0,0,0,0,0,,0,,,,1,1,0,,0,0,,0,0,,0,0,,0,,,0,,,0,0,0,ORASOL (ORS) SACHETS-PD,GERTIES-GEN GEN0593 - ORS,Granules & Powder,,,,,,,,,,,,,,,"""7051f14e06""",Sachets,1,,,,,,,,,,,"""ec760126cc""",Gertrudes Childrens Hospital,Muthaiga Pharmacy - GCH,Standard Selling,,Main - GCH,,4002 - Drug Income - GCH,Main - GCH,5002 - COGS Drugs Sales - GCH,,,,,,,,,,,,,,,,
"""ORS1""",ORS1,Granules & Powder,Granules & Powder,Sachets,,ORAL REHYDRATION SALTS (WHO)-PD,0,,0,0,0,0,Oral,UploadData,,,,ORS,DISSOLVE THE CONTENTS IN 500MLS OF CLEAN DRINKING WATER (BOTTLED OR BOILED AND COOLED). USE THE REHYDRATION SOLUTION LIBERALLY. DISCARD ANY UNUSED  AMOUNT  AFTER 24HOURS; AND PREPARE A FRESH SOLUTION.,0,0,1,1,0,0,0,0,20,0,0,,,,0,0,,ORAL REHYDRATION SALTS (WHO)-PD,0,31-12-2099,Purchase,,,0,,1,0,,1,0,0,0,,0,Item Attribute,1,,0,0,0,0,0,,0,,,,1,1,0,,0,0,,0,0,,0,0,,0,,,0,,,0,0,0,ORAL REHYDRATION SALTS (WHO)-PD,GERTIES-GEN GEN0593 - ORS,Granules & Powder,,,,,,,,,,,,,,,"""be32a94943""",Sachets,1,,,,,,,,,,,"""aedf27c980""",Gertrudes Childrens Hospital,Muthaiga Pharmacy - GCH,Standard Selling,,Main - GCH,,4002 - Drug Income - GCH,Main - GCH,5002 - COGS Drugs Sales - GCH,,,,,,,,,,,,,,,,
"""GCH-DRG-4074""",GCH-DRG-4074,Drug,DRG,Unit,,BRIAN PARACETAMOL DENK SUPP 250MG-PD,0,,0,0,0,0,Inhalation,Analgesics,Opioid Analgesics,,,Nebules/Respules,,0,0,1,1,0,0,0,0,0,0,0,,,,0,0,,PARACETAMOL DENK SUPP 250MG-PD,0,31-12-2099,Purchase,,,0,,0,0,,0,0,0,0,,0,Item Attribute,1,,0,0,0,0,0,,0,Kenya,,,1,1,0,,0,0,,0,0,,0,0,,0,,,0,,,0,0,0,BRIAN PARACETAMOL DENK SUPP 250MG-PD,ATC N02BE01 - paracetamol,"Mixtures,syrups,suspension,oral drops",,,,,,,,,,,,,,,"""65bbf88854""",Unit,1,,,,,,,,,,,"""709f7301f9""",Gertrudes Childrens Hospital,Muthaiga Pharmacy - GCH,Standard Selling,,Main - GCH,,4002 - Drug Income - GCH,Main - GCH,5002 - COGS Drugs Sales - GCH,,,,,,,,,,,,,,,,
"""GCH-DRG-4075""",GCH-DRG-4075,Drug,DRG,Unit,,ELVIS PARACETAMOL DENK SUPP 250MG-PD,0,,0,0,0,0,IV Infusion,Analgesics,Opioid Analgesics,,,Infusion,,0,0,1,1,0,0,0,0,0,0,0,,,,0,0,,PARACETAMOL DENK SUPP 250MG-PD,0,31-12-2099,Purchase,,,0,,0,0,,0,0,0,0,,0,Item Attribute,1,,0,0,0,0,0,,0,Kenya,,,1,1,0,,0,0,,0,0,,0,0,,0,,,0,,,0,0,0,ELVIS PARACETAMOL DENK SUPP 250MG-PD,ATC N02BE01 - paracetamol,"Mixtures,syrups,suspension,oral drops",,,,,,,,,,,,,,,"""29a60d2d37""",Unit,1,,,,,,,,,,,"""6d77603a4d""",Gertrudes Childrens Hospital,Muthaiga Pharmacy - GCH,Standard Selling,,Main - GCH,,4002 - Drug Income - GCH,Main - GCH,5002 - COGS Drugs Sales - GCH,,,,,,,,,,,,,,,,
"""GCH-DRG-4082""",GCH-DRG-4082,Drug,DRG,Unit,,AMINA PARACETAMOL DENK SUPP 250MG-PD,0,,0,0,0,0,Inhalation,Analgesics,Opioid Analgesics,,,Nebules/Respules,,0,0,1,1,0,0,0,0,0,0,0,,,,0,0,,PARACETAMOL DENK SUPP 250MG-PD,0,31-12-2099,Purchase,,,0,,0,0,,0,0,0,0,,0,Item Attribute,1,,0,0,0,0,0,,0,Kenya,,,1,1,0,,0,0,,0,0,,0,0,,0,,,0,,,0,0,0,AMINA PARACETAMOL DENK SUPP 250MG-PD,ATC N02BE01 - paracetamol,"Mixtures,syrups,suspension,oral drops",,,,,,,,,,,,,,,"""6534be41e2""",Unit,1,,,,,,,,,,,"""a66126fb90""",Gertrudes Childrens Hospital,Muthaiga Pharmacy - GCH,Standard Selling,Cost of Goods Sold - GCH,Main - GCH,,4002 - Drug Income - GCH,Main - GCH,5002 - COGS Drugs Sales - GCH,,,,,,,,,,,,,,,,
"""GCH-DRG-4079-c""",GCH-DRG-4079-c,Drug,DRG,Nos,,Demo Pharmacy  Drug,0,,0,0,0,0,Oral,Analgesics,Opioid Analgesics,,,,,1,0,1,1,0,0,0,250,350,0,0,,,,0,0,,Demo Pharmacy  Drug,0,31-12-2099,Purchase,FIFO,,0,,0,0,,0,0,0,0,,0,Item Attribute,1,,0,0,0,0,0,,0,Kenya,,,1,1,0,,0,0,,0,0,,0,0,,0,,,0,,,0,0,0,Demo Pharmacy  Drug,ATC N02BE01 - paracetamol,Syrup,,,,,,,,,,,,,,,"""0a4776fb7a""",Nos,1,,,,,,,,,,,"""9d39054055""",Gertrudes Childrens Hospital,Muthaiga Pharmacy - GCH,Standard Selling,,Main - GCH,,4002 - Drug Income - GCH,Main - GCH,5002 - COGS Drugs Sales - GCH,,,,,,,,,,,,,,,,
"""ATC N02BE01""",ATC N02BE01,Drug,DRG,Nos,,Para drug,0,,0,0,0,0,Oral,Analgesics,Opioid Analgesics,,,Granules & Powder,,1,0,1,1,0,0,0,0,0,0,0,,,,0,0,,Para drug,0,31-12-2099,Purchase,,,0,,1,0,,1,0,0,0,,0,Item Attribute,1,,0,0,0,0,0,,0,Kenya,,,1,1,0,,0,0,,0,0,,0,0,,0,,,0,,,0,0,0,Para drug,ATC N02BE01 - paracetamol,"Mixtures,syrups,suspension,oral drops",,,,,,,,,,,,,,,"""10e04ef6f0""",Nos,1,,,,,,,,,,,"""dd4b226ce4""",Gertrudes Childrens Hospital,Muthaiga Pharmacy - GCH,Standard Selling,,Main - GCH,,4002 - Drug Income - GCH,Main - GCH,5002 - COGS Drugs Sales - GCH,,,,,,,,,,,,,,,,
"""GCH-DRG-40736""",GCH-DRG-40736,Drug,DRG,mg,,Demo Pharmacy  Drug 2,1,,0,0,0,0,Oral,Analgesics,Opioid Analgesics,,,,,0,0,1,1,0,0,0,250,350,0,0,,,,0,0,,Demo Pharmacy  Drug,0,31-12-2099,Purchase,FIFO,,0,,1,0,,0,0,0,0,,0,Item Attribute,1,,0,0,0,0,0,,0,Kenya,,,1,1,0,,0,0,,0,0,,0,0,,0,,,0,,,0,0,0,Demo Pharmacy  Drug 2,ATC N02BE01 - paracetamol,Syrup,,,,,,,,,,,,,,,"""fa7becfa30""",mg,1,,,,,,,,,,,"""d7e7e07f5a""",Gertrudes Childrens Hospital,Muthaiga Pharmacy - GCH,Standard Selling,Cost of Goods Sold - GCH,Main - GCH,,4002 - Drug Income - GCH,Main - GCH,5002 - COGS Drugs Sales - GCH,,,,,,,,,,,,,,,,
"""GCH-DRG-407465""",GCH-DRG-407465,Drug,DRG,Unit,,edda PARACETAMOL DENK SUPP 250MG-PD,0,,0,0,0,0,Inhalation,Analgesics,Opioid Analgesics,,,Nebules/Respules,,0,0,1,1,0,0,0,0,0,0,0,,,,0,0,,PARACETAMOL DENK SUPP 250MG-PD,0,31-12-2099,Purchase,,,0,,0,0,,0,0,0,0,,0,Item Attribute,1,,0,0,0,0,0,,0,Kenya,,,1,1,0,,0,0,,0,0,,0,0,,0,,,0,,,0,0,0,edda PARACETAMOL DENK SUPP 250MG-PD,ATC N02BE01 - paracetamol,"Mixtures,syrups,suspension,oral drops",,,,,,,,,,,,,,,"""ff34ff8ca6""",Unit,1,,,,,,,,,,,"""e0fe3d7d33""",Gertrudes Childrens Hospital,Muthaiga Pharmacy - GCH,Standard Selling,,Main - GCH,,4002 - Drug Income - GCH,Main - GCH,5002 - COGS Drugs Sales - GCH,,,,,,,,,,,,,,,,
"""GCH-DRG-3588""",GCH-DRG-3588,Drug,DRG,Unit,,JANE PARACETAMOL DENK SUPP 125MG-PD,0,,0,0,0,0,Oral,Analgesics,Opioid Analgesics,,,Tablet,,0,0,1,1,0,0,0,0,0,0,0,,,,0,0,,PARACETAMOL DENK SUPP 125MG-PD,0,31-12-2099,Purchase,,,0,,1,0,,0,0,0,0,,0,Item Attribute,1,,0,0,0,0,0,,0,,,,1,1,0,,0,0,,0,0,,0,0,,0,,,0,,,0,0,0,JANE PARACETAMOL DENK SUPP 125MG-PD,ATC N02BE01 - paracetamol,"Mixtures,syrups,suspension,oral drops",,,,,,,,,,,,,,,"""6c72fb05d4""",Unit,1,,,,,,,,,,,"""71fd3982cf""",Gertrudes Childrens Hospital,Muthaiga Pharmacy - GCH,Standard Selling,,Main - GCH,,5002 - COGS Drugs Sales - GCH,Main - GCH,4002 - Drug Income - GCH,,,,,,,,,,,,,,,,
